date_course,numero_reunion,numero_course,hippodrome,nom_prix,heure,heure_depart_ms,type_depart,distance_m,numero,cheval,sexe,age,driver,entraineur,ferrure,distance_partant_m,recul_m,gains_carriere_eur,musique,cote_depart,cote_finale,p_top3,p_gagne,premier_d4,premier_dp,premier_da,h_meilleure_reduc_hist,mus_moy_pos5,h_taux_top3_meme_ferrure_hist,h_nb_meme_ferrure_hist,drv_taux_top3_hist,cd_taux_top3_hist,cd_nb_hist,h_top3_sur_hippo_hist,h_nb_sur_hippo_hist
2026-09-27,1,1,VINCENNES,PRIX DE LA CORREZE,11:26,1790508360000,VOLTE,2850,1,L'AMOUR MEARAS,M,5,N. BAZIRE,V. MARTENS,D4,2850,0,30580.0,Da3a8a(25)6a2a2a,7.2,11.0,0.13122493816476938,0.0301387113601319,0,0,0,,6.0,0.0,2,0.2511933,,0,0,2
2026-09-27,1,1,VINCENNES,PRIX DE LA CORREZE,11:26,1790508360000,VOLTE,2850,2,GIUDA DI RISAIA,M,4,D. THOMAIN,Vitale CIOTOLA,FERRE,2850,0,37596.0,8aDa5a1aDaDa,81.0,102.0,0.08993364478970702,0.02575787394754306,0,0,0,,7.2,0.0,1,0.31513283,0.0,1,0,0
2026-09-27,1,1,VINCENNES,PRIX DE LA CORREZE,11:26,1790508360000,VOLTE,2850,3,GIFT GIO,M,4,E. LOCCISANO,Edoardo LOCCISANO,PA,2850,0,49610.0,2a3a1aDa1a2a,18.0,17.0,0.20243870363929553,0.05132990659249435,0,0,0,73200.0,3.6,1.0,2,0.20833333,1.0,2,1,1
2026-09-27,1,1,VINCENNES,PRIX DE LA CORREZE,11:26,1790508360000,VOLTE,2850,4,UTKIEKER,H,5,J. VAN RIJN,J. ENGWERDA,D4,2850,0,65223.0,1a1a4a3a2a5a,4.5,4.8,0.25359990762246,0.08492552208265856,0,0,0,,2.2,0.0,2,0.33333334,0.0,3,0,2
2026-09-27,1,1,VINCENNES,PRIX DE LA CORREZE,11:26,1790508360000,VOLTE,2850,5,MISTI DE CORDAY,M,4,ARNAUD DESMOTTES,ARNAUD DESMOTTES,D4,2850,0,71830.0,DaDa4a5a2aDa3aDa(25)6a,22.0,10.0,0.1847365576907781,0.039558170545005954,0,0,0,,6.6,0.4,5,0.3097826,0.5,8,4,7
2026-09-27,1,1,VINCENNES,PRIX DE LA CORREZE,11:26,1790508360000,VOLTE,2850,6,MISTER CHARLY,M,4,A. COLLETTE,N. BRIDAULT,PA_DP,2850,0,71865.0,9a7a5aDa9a4a7a6a(25)8a,,,0.09139300924644968,0.01324152563109443,0,0,0,,8.2,0.0,5,0.2401721,0.0,1,3,15
2026-09-27,1,1,VINCENNES,PRIX DE LA CORREZE,11:26,1790508360000,VOLTE,2850,7,FRENCHCONNECTION,M,5,B. ROCHARD,H.E. BONDO,PA,2850,0,76643.0,Da1a0aDa0a0aDa1aDa,14.0,14.0,0.09756524425314457,0.03734924611911242,0,0,0,,8.6,0.0,2,0.32477596,,0,1,7
2026-09-27,1,1,VINCENNES,PRIX DE LA CORREZE,11:26,1790508360000,VOLTE,2850,8,MOURILLON,H,4,M. MOTTIER,M. MOTTIER,D4,2850,0,77425.0,6a3aDa2a3a0a4a3aDa1a,11.0,10.0,0.23049694676085766,0.0621704147923064,0,0,0,,5.0,0.5,6,0.33545646,0.5833333,12,2,8
2026-09-27,1,1,VINCENNES,PRIX DE LA CORREZE,11:26,1790508360000,VOLTE,2850,9,MONI MAKING PACE,M,4,E. RAFFIN,D.P. TESSELAAR,DP,2850,0,78542.0,5aDa2a(25)Da0a1a,4.0,3.6,0.28406189038584767,0.13640638696259536,0,0,0,,7.8,0.5,2,0.40533698,,0,2,2
2026-09-27,1,1,VINCENNES,PRIX DE LA CORREZE,11:26,1790508360000,VOLTE,2850,10,READY HILL,H,5,M. ABRIVARD,W. NIMCZYK,D4,2850,0,81434.0,3a3a1a1a3a5a,4.7,4.3,0.23062573406329231,0.06304807073663951,0,0,0,,2.2,0.4,5,0.33505613,0.6666667,3,2,5
2026-09-27,1,1,VINCENNES,PRIX DE LA CORREZE,11:26,1790508360000,VOLTE,2850,11,LIONEL MEARAS,H,5,CH. MARTENS,Sté. Ent. Christophe MARTENS,DA,2850,0,82622.0,Da3a8a6a(25)2a2a,21.0,25.0,0.16498402219734856,0.05584007717320541,0,0,0,,6.0,,0,0.36430424,0.42857143,7,3,5
2026-09-27,1,2,VINCENNES,PRIX RADIO ALFA (DE CHAUMONT),12:03,1790510580000,VOLTE,2700,1,MYTHIQUE JOSSELYN,M,4,CH. MARTENS,N. BAZIRE,FERRE,2700,0,32025.0,6aDaDaDm3a(25)1a0a2aDa,139.0,134.0,0.02902047524319883,0.011380446771256375,0,0,0,73400.0,8.4,0.4,5,0.36414686,,0,2,7
2026-09-27,1,2,VINCENNES,PRIX RADIO ALFA (DE CHAUMONT),12:03,1790510580000,VOLTE,2700,2,MAESTRO VET,M,4,B. LE BELLER,B. LE BELLER,PA_DP,2700,0,57885.0,1a1a2a5a4aDa2a7a2a(25),27.0,26.0,0.13812573423190136,0.03417053037746664,0,0,0,,2.6,,0,0.26487252,0.4,10,0,0
2026-09-27,1,2,VINCENNES,PRIX RADIO ALFA (DE CHAUMONT),12:03,1790510580000,VOLTE,2700,3,MONTJOIE,M,4,B. ROCHARD,M. SASSIER,D4,2700,0,62090.0,5a5a2a1a(25)1a3a1aDa3a,12.0,12.0,0.21777378390486848,0.08766139457174095,0,0,0,,2.8,0.0,1,0.32473665,0.6666667,6,0,1
2026-09-27,1,2,VINCENNES,PRIX RADIO ALFA (DE CHAUMONT),12:03,1790510580000,VOLTE,2700,4,MEGAFLO BELLO,H,4,M. ABRIVARD,PH. MARIE,DP,2700,0,62125.0,1a4a1a6a8a4aDa3a5a3a,31.0,30.0,0.08665237678648084,0.01748970420993154,0,0,0,,4.0,0.375,8,0.33500665,,0,1,2
2026-09-27,1,2,VINCENNES,PRIX RADIO ALFA (DE CHAUMONT),12:03,1790510580000,VOLTE,2700,5,MISTERIOSO,H,4,A. COLLETTE,Sté. Ent. Jonathan VANMEERBECK,D4,2700,0,62735.0,1a1a2a7a7a1a9a(25)0a8a,10.0,9.8,0.15138388333544664,0.039670289018115104,0,0,0,,3.6,0.33333334,3,0.24012515,0.0,2,0,2
2026-09-27,1,2,VINCENNES,PRIX RADIO ALFA (DE CHAUMONT),12:03,1790510580000,VOLTE,2700,6,MAGIC INSTINCT,H,4,ARNAUD DESMOTTES,ARNAUD DESMOTTES,PA_DP,2700,0,64575.0,Da2aDaDa4a1a3a3aDa(25),30.0,31.0,0.1546019126514743,0.029767561318654146,0,0,0,,7.8,0.4,5,0.30944625,0.36363637,11,1,5
2026-09-27,1,2,VINCENNES,PRIX RADIO ALFA (DE CHAUMONT),12:03,1790510580000,VOLTE,2700,7,MAGIC JOHN,H,4,P.Y. VERVA,B. BOURGOIN,D4,2700,0,64695.0,2a5a7a5a4a4a8aDa5a1a,19.0,19.0,0.1250025725765609,0.03883803336583299,0,0,0,,4.6,0.0,2,0.2849723,0.0,5,2,12
2026-09-27,1,2,VINCENNES,PRIX RADIO ALFA (DE CHAUMONT),12:03,1790510580000,VOLTE,2700,8,MAJOR DE TIMM,H,4,N. BAZIRE,N. BAZIRE,D4,2700,0,65090.0,4a4a8a6a4a1aDaDa(25)4a,18.0,19.0,0.2204985343044492,0.06666924851521482,0,0,0,,5.2,0.0,4,0.25104353,0.5,4,2,7
2026-09-27,1,2,VINCENNES,PRIX RADIO ALFA (DE CHAUMONT),12:03,1790510580000,VOLTE,2700,9,MINK BOKO,H,4,D. BROUWER,D. BROUWER,D4,2700,0,65265.0,3a2a1a2aDaDaDa2a1a2a,6.2,6.3,0.16556381452709623,0.06691638489907852,0,0,0,,3.8,0.0,3,0.23809524,0.0,2,0,4
2026-09-27,1,2,VINCENNES,PRIX RADIO ALFA (DE CHAUMONT),12:03,1790510580000,VOLTE,2700,10,MATCH BOCNEUF,H,4,E. RAFFIN,Ph. BOUTIN,DP,2700,0,65605.0,4a3a1a5a(25)1a3a2a2a1a,1.7,1.7,0.3014346713292005,0.16095844471523615,0,0,0,,2.8,1.0,2,0.40529424,1.0,2,1,1
2026-09-27,1,2,VINCENNES,PRIX RADIO ALFA (DE CHAUMONT),12:03,1790510580000,VOLTE,2700,11,MISTHOS CHRISTAL,M,4,A. BARRIER,CH.A. MARY,D4,2700,0,68805.0,1a6a2a4a1a9aDaDa(25)Da,24.0,24.0,0.22796769239214706,0.07362680830984442,0,0,0,,2.8,0.0,2,0.30996153,0.5,2,0,7
2026-09-27,1,3,VINCENNES,PRIX FIDELIDADE ASSURANCES (PRIX DE TROYES),12:33,1790512380000,VOLTE,2700,1,NAPOLEON AS,M,3,CH. MARTENS,N. BAZIRE,FERRE,2700,0,19270.0,1a(25)6a5a4a5a3a,50.0,48.0,0.08939179051510708,0.019343229017186093,0,0,0,75400.0,4.2,0.33333334,6,0.36398965,,0,0,3
2026-09-27,1,3,VINCENNES,PRIX FIDELIDADE ASSURANCES (PRIX DE TROYES),12:33,1790512380000,VOLTE,2700,2,NACHYMA BERRY,F,3,N. BAZIRE,N. BAZIRE,FERRE,2700,0,23015.0,Dm2a3a(25)0a3aDa9a2a,73.0,74.0,0.02087816885606525,0.0072867525020452574,0,0,0,,5.8,0.25,4,0.25089392,,0,3,7
2026-09-27,1,3,VINCENNES,PRIX FIDELIDADE ASSURANCES (PRIX DE TROYES),12:33,1790512380000,VOLTE,2700,3,NANTUS D'AVIGNERE,M,3,B. ROCHARD,L. GABORIT,PA,2700,0,43340.0,5a5a3a3a2a7a4a2a6a5a,14.0,14.0,0.0733047476023837,0.013406511384020462,0,0,0,,3.6,0.2857143,7,0.32469735,,0,1,7
2026-09-27,1,3,VINCENNES,PRIX FIDELIDADE ASSURANCES (PRIX DE TROYES),12:33,1790512380000,VOLTE,2700,4,NON STOP DE FOOT,M,3,M. ABRIVARD,R.CH. LARUE,P4,2700,0,61450.0,2a7a1a2aAa2a1a6a1a4a,11.0,11.0,0.14464538907370383,0.034253628273747554,0,0,0,,4.6,0.33333334,3,0.33495718,0.0,1,0,2
2026-09-27,1,3,VINCENNES,PRIX FIDELIDADE ASSURANCES (PRIX DE TROYES),12:33,1790512380000,VOLTE,2700,5,NOE DES BAUX,H,3,M. MOTTIER,M. MOTTIER,P4,2700,0,80170.0,0aDaDa3a3a1a3a(25)Da1a,14.0,13.0,0.2698382492481886,0.10066786762898831,0,0,0,,7.6,,0,0.33540562,0.8,5,5,6
2026-09-27,1,3,VINCENNES,PRIX FIDELIDADE ASSURANCES (PRIX DE TROYES),12:33,1790512380000,VOLTE,2700,6,NEMROD BUROIS,M,3,B. ROBIN,B. ROBIN,P4,2700,0,82090.0,8a4a3a2a5a2a5a7a1a5a,14.0,13.0,0.14555998855054933,0.034253628273747554,0,0,0,,4.4,0.5714286,7,0.25155556,0.3125,16,3,13
2026-09-27,1,3,VINCENNES,PRIX FIDELIDADE ASSURANCES (PRIX DE TROYES),12:33,1790512380000,VOLTE,2700,7,NIKITA,F,3,A. COLLETTE,W. BIGEON,P4,2700,0,89575.0,Da3a3a3a3a5a2a0a4a3a,14.0,14.0,0.1370368289026958,0.028051459763254682,0,0,0,,4.6,0.42857143,7,0.2400782,0.0,1,5,12
2026-09-27,1,3,VINCENNES,PRIX FIDELIDADE ASSURANCES (PRIX DE TROYES),12:33,1790512380000,VOLTE,2700,8,NOVECENTO,M,3,P.PH. PLOQUIN,S. ROGER,P4,2700,0,130330.0,0a5a4a5aDa3a2aDa2a5a,15.0,14.0,0.234537636131083,0.05655226777328607,0,0,0,,7.0,0.36363637,11,0.2822022,0.44444445,9,5,12
2026-09-27,1,3,VINCENNES,PRIX FIDELIDADE ASSURANCES (PRIX DE TROYES),12:33,1790512380000,VOLTE,2700,9,NORMA JEANE,F,3,P.Y. VERVA,B. BOURGOIN,P4,2700,0,137080.0,9a4a7a8a4a2aDm2a3a6a,30.0,28.0,0.14675514054300234,0.024476909243896876,0,0,0,,6.4,0.2857143,7,0.28492296,0.2777778,18,5,17
2026-09-27,1,3,VINCENNES,PRIX FIDELIDADE ASSURANCES (PRIX DE TROYES),12:33,1790512380000,VOLTE,2700,10,NOBEL DU RIB,M,3,J.L.CL. DERSOIR,JOEL HALLAIS,PA,2700,0,138980.0,3a2a1a3a2a1a1a3a,1.4,1.5,0.23460560687905208,0.08019164431119537,0,0,0,,2.2,0.0,2,0.27799228,,0,1,3
2026-09-27,1,4,VINCENNES,GRAND PRIX DU PORTUGAL (OVIDIUS NASO),13:15,1790514900000,VOLTE,2700,1,JEZABELLE BIE,F,7,M. IZZO,M. IZZO,FERRE,2700,0,233965.0,8a0a6m(25)6mDm8a5mDaDm,87.0,92.0,0.0,0.0004474272930648769,0,0,0,71100.0,8.2,0.21052632,38,0.17443609,0.0,9,5,23
2026-09-27,1,4,VINCENNES,GRAND PRIX DU PORTUGAL (OVIDIUS NASO),13:15,1790514900000,VOLTE,2700,2,DAYAK (ITY),M,7,B. ROCHARD,A. BUISSON,D4,2700,0,238962.0,2aDaDa1a1a4a7a0a0a(25),11.0,11.0,0.10215691676043852,0.034389031598539954,0,0,0,,5.2,0.36666667,30,0.32465804,0.0,2,7,22
2026-09-27,1,4,VINCENNES,GRAND PRIX DU PORTUGAL (OVIDIUS NASO),13:15,1790514900000,VOLTE,2700,3,IGUANE DE CAPONET,H,8,A. ABRIVARD,C. RAIMBAUD,PA_DP,2700,0,338880.0,2a1a5a(25)8a1a1a2a1a1a,10.0,10.0,0.3520259060545767,0.15480578469655215,0,0,0,71200.0,3.4,0.6363636,11,0.37979093,1.0,3,5,13
2026-09-27,1,4,VINCENNES,GRAND PRIX DU PORTUGAL (OVIDIUS NASO),13:15,1790514900000,VOLTE,2700,4,COLBERT WF,M,8,P.PH. PLOQUIN,H.E. BONDO,D4,2700,0,349486.0,4a4a5a4a0a7a4a8a5a7a,16.0,17.0,0.11021865120418288,0.041710756810319154,0,0,0,,5.4,0.0,3,0.28215337,,0,7,19
2026-09-27,1,4,VINCENNES,GRAND PRIX DU PORTUGAL (OVIDIUS NASO),13:15,1790514900000,VOLTE,2700,5,FUTUR DU CHENE,H,11,P.Y. VERVA,A. DUPERCHE,D4,2700,0,357885.0,7aDa6a4a4a1a9a8aDa0a,66.0,65.0,0.03889825309687897,0.007453098342582366,0,0,0,,6.4,0.2413793,58,0.28487366,,0,3,16
2026-09-27,1,4,VINCENNES,GRAND PRIX DU PORTUGAL (OVIDIUS NASO),13:15,1790514900000,VOLTE,2700,6,GAZ D'OCCAGNES,H,10,TH. DROMIGNY,G. CURENS,D4,2700,0,365580.0,5a1a0aDa8a5a1a5a0a4a,46.0,44.0,0.08497392308398806,0.02144398643106213,0,0,0,,7.0,0.5217391,46,0.23276338,0.0,2,1,13
2026-09-27,1,4,VINCENNES,GRAND PRIX DU PORTUGAL (OVIDIUS NASO),13:15,1790514900000,VOLTE,2700,7,GINO VIVA,H,10,J. VAN RIJN,D. LOCQUENEUX,D4,2700,0,373510.0,9a0a(25)9a0a5a0a9a4a0a,67.0,61.0,0.04839768819932979,0.009031246681668423,0,0,0,,8.6,0.32258064,31,0.33103448,,0,9,34
2026-09-27,1,4,VINCENNES,GRAND PRIX DU PORTUGAL (OVIDIUS NASO),13:15,1790514900000,VOLTE,2700,8,HOMARD LAND,H,9,D. THOMAIN,L.A. MARTIN,DP,2700,0,383010.0,1a5a3a6a3a1a1a1a(25)2a,7.9,7.9,0.1278637092691217,0.03688923845571492,0,0,0,,3.6,0.5833333,12,0.31508657,1.0,1,3,6
2026-09-27,1,4,VINCENNES,GRAND PRIX DU PORTUGAL (OVIDIUS NASO),13:15,1790514900000,VOLTE,2700,9,JONGLEUSE DE LUNE,F,7,A. COLLETTE,K. LEBLANC,D4,2700,0,388640.0,Aa0a7a0a0a0a6a2a1a(25),16.0,16.0,0.11816746519588432,0.02721960737864568,0,0,0,,9.6,0.4651163,43,0.24003127,0.36363637,11,14,32
2026-09-27,1,4,VINCENNES,GRAND PRIX DU PORTUGAL (OVIDIUS NASO),13:15,1790514900000,VOLTE,2700,10,HAMILTON DU HAM,H,9,CH. MARTENS,Y. DESMET,D4,2700,0,390360.0,DaDa7a1a6a3a9a4a6aDa,23.0,22.0,0.11320115190919984,0.025349644702842376,0,0,0,,7.2,0.45454547,22,0.36383253,0.2857143,7,18,34
2026-09-27,1,4,VINCENNES,GRAND PRIX DU PORTUGAL (OVIDIUS NASO),13:15,1790514900000,VOLTE,2700,11,IRON DU GERS,H,8,N. BAZIRE,N. BAZIRE,FERRE,2700,0,390500.0,6a3a1a4a2a4a6a1a6a5a,35.0,35.0,0.08038881141960957,0.016215984828861777,0,0,0,,3.2,0.0,9,0.2507445,0.4,15,15,28
2026-09-27,1,4,VINCENNES,GRAND PRIX DU PORTUGAL (OVIDIUS NASO),13:15,1790514900000,VOLTE,2700,12,JET EXPRESS,M,7,M. ABRIVARD,PH. DAUGEARD,DA,2700,0,395300.0,2a2a2a1a1a4a5a2a(25)3a,3.1,3.1,0.11741632991384764,0.034389031598539954,0,0,0,,1.6,0.0,4,0.33490774,0.0,2,5,16
2026-09-27,1,4,VINCENNES,GRAND PRIX DU PORTUGAL (OVIDIUS NASO),13:15,1790514900000,VOLTE,2700,13,HANNAH,F,9,JULIEN RAFFESTIN,Julien RAFFESTIN,D4,2700,0,405432.0,0m9a6m2m2m6m0a2m4m0m,62.0,62.0,0.04449567183453423,0.008201575908455556,0,0,0,,5.8,0.28,50,0.24908201,0.2,5,15,50
2026-09-27,1,4,VINCENNES,GRAND PRIX DU PORTUGAL (OVIDIUS NASO),13:15,1790514900000,VOLTE,2700,14,JE REVE DU BOIS,H,7,A. BARRIER,CH.M. BRUNEAU,PA_DP,2700,0,409065.0,5a7a0a8aDa5aDm2a7a3m,7.1,7.0,0.14879593651084622,0.044870752018688675,0,0,0,,8.2,0.27272728,11,0.30989528,0.36363637,11,15,35
2026-09-27,1,4,VINCENNES,GRAND PRIX DU PORTUGAL (OVIDIUS NASO),13:15,1790514900000,VOLTE,2700,15,GIMS DU PLESSIS,H,10,E. RAFFIN,Ph. BOUTIN,D4,2700,0,417080.0,0a6a1a6a2a(25)8a7a6aDa,7.6,7.8,0.19109762386948867,0.06271213129138375,0,0,0,,5.0,0.43333334,30,0.4052515,0.71428573,14,8,20
2026-09-27,1,5,VINCENNES,BANQUE CAIXA GERAL DE DEPOSITOS FRANCE,13:50,1790517000000,VOLTE,2700,1,KIKI AND CO,H,6,N. BAZIRE,N. BAZIRE,FERRE,2700,0,159380.0,Dm0a3mDmDaDm(25)Da1m0a,105.0,100.0,0.011605971436068523,0.006511096318651224,0,0,0,,9.2,0.1,20,0.25059524,0.0,3,9,27
2026-09-27,1,5,VINCENNES,BANQUE CAIXA GERAL DE DEPOSITOS FRANCE,13:50,1790517000000,VOLTE,2700,2,LYRIKO BELLO,M,5,M. MOTTIER,A. PILLON,D4,2700,0,171090.0,0a4a3a7a7a6a6a3a6aDa,19.0,20.0,0.08184219341846971,0.01893205183644427,0,0,0,,6.2,0.3529412,17,0.33535478,,0,3,8
2026-09-27,1,5,VINCENNES,BANQUE CAIXA GERAL DE DEPOSITOS FRANCE,13:50,1790517000000,VOLTE,2700,3,LAROZE DU GERS,F,5,M. ABRIVARD,M. ABRIVARD,PA_DP,2700,0,176455.0,6a3a4aDa1a3a2aDa(25)1a,8.0,7.9,0.2654238924424035,0.12311866234278356,0,0,0,,5.0,0.75,4,0.33485833,0.46666667,15,4,13
2026-09-27,1,5,VINCENNES,BANQUE CAIXA GERAL DE DEPOSITOS FRANCE,13:50,1790517000000,VOLTE,2700,4,LEADER D'AIMTE,H,5,A. BARRIER,CH.A. MARY,D4,2700,0,176970.0,2a5a2a1aDa4aDa9a4a(25),14.0,15.0,0.17347734369294196,0.049118804395741573,0,0,0,,4.2,0.33333334,3,0.30982906,1.0,1,4,17
2026-09-27,1,5,VINCENNES,BANQUE CAIXA GERAL DE DEPOSITOS FRANCE,13:50,1790517000000,VOLTE,2700,5,KIRA BO FACE,F,6,D. BROUWER,D. BROUWER,D4,2700,0,177030.0,4a8a1a4a8a1a6a3a3a6a,10.0,10.0,0.1482252684077198,0.031015486315771335,0,0,0,,5.0,0.3809524,21,0.23734178,0.5,12,3,12
2026-09-27,1,5,VINCENNES,BANQUE CAIXA GERAL DE DEPOSITOS FRANCE,13:50,1790517000000,VOLTE,2700,6,LA STAR ROC,F,5,B. LE BELLER,B. LE BELLER,DA_PP,2700,0,184065.0,5a8a4a4a3a8a0a8a4a6a,25.0,26.0,0.08693618504085994,0.015901530625887384,0,0,0,,4.8,,0,0.26449788,0.25,16,5,22
2026-09-27,1,5,VINCENNES,BANQUE CAIXA GERAL DE DEPOSITOS FRANCE,13:50,1790517000000,VOLTE,2700,7,KENTUCKY IDEAL,H,6,CH. HESLOUIN,CH. HESLOUIN,FERRE,2700,0,189540.0,7a5a6aDaDmDm2a(25)4m4m,136.0,92.0,0.02332519397032477,0.007757682431371576,0,0,0,0.0,8.0,0.25,8,0.24596775,0.14285715,14,11,25
2026-09-27,1,5,VINCENNES,BANQUE CAIXA GERAL DE DEPOSITOS FRANCE,13:50,1790517000000,VOLTE,2700,8,KOUFRA IRIS'EYES,F,6,A. COLLETTE,J.M. CHAINEUX,D4,2700,0,229435.0,3a2aDa1a0a(25)1a7m3a5a,7.0,7.7,0.213761399523535,0.05882224125096828,0,0,0,,5.4,0.5,12,0.23998436,0.42857143,7,6,14
2026-09-27,1,5,VINCENNES,BANQUE CAIXA GERAL DE DEPOSITOS FRANCE,13:50,1790517000000,VOLTE,2700,9,LALUNA DES FORGES,F,5,P.PH. PLOQUIN,P. PLOQUIN,D4,2700,0,232890.0,1a4a7a8a4a2a9a1a1a(25),5.7,5.6,0.27994993506902877,0.08199743902454924,0,0,0,,4.8,0.6666667,15,0.28210452,0.46666667,15,8,18
2026-09-27,1,5,VINCENNES,BANQUE CAIXA GERAL DE DEPOSITOS FRANCE,13:50,1790517000000,VOLTE,2700,10,LEMON TREE,M,5,P.Y. VERVA,W. BIGEON,DP,2700,0,237460.0,6a0a5aDa3a0a9a(25)2a8a,20.0,19.0,0.10215691676043852,0.035769681754428594,0,0,0,,7.0,,0,0.28482437,,0,6,18
2026-09-27,1,5,VINCENNES,BANQUE CAIXA GERAL DE DEPOSITOS FRANCE,13:50,1790517000000,VOLTE,2700,11,KIKA JOSSELYN,F,6,B. ROCHARD,J.PH. MONCLIN,PA_DP,2700,0,242785.0,Da4a3a1a6a5a(25)1a1a0a,3.7,3.5,0.3633417293413174,0.20170276273175428,0,0,0,,5.0,0.6,10,0.32461873,0.6875,16,9,12
2026-09-27,1,5,VINCENNES,BANQUE CAIXA GERAL DE DEPOSITOS FRANCE,13:50,1790517000000,VOLTE,2700,12,KANO,M,6,E. RAFFIN,C. MEGISSIER,D4,2700,0,242850.0,6a6a3a3a1a2a1a4a(25)0a,7.0,7.6,0.26367134853173785,0.14739394288028215,0,0,0,,3.8,0.5555556,9,0.40520877,0.5,2,2,12
2026-09-27,1,6,VINCENNES,PRIX DES ELITES,14:25,1790519100000,VOLTE,2175,1,MOLLY WHITE,F,4,W. DERSOIR-HABIB,R.CH. LARUE,FERRE,2175,0,33315.0,8aDmDm8aDmDm4m2mDaDa,92.0,96.0,0.04582810715918708,0.010991226516649645,0,0,0,,9.8,0.13333334,15,0.23642732,,0,1,9
2026-09-27,1,6,VINCENNES,PRIX DES ELITES,14:25,1790519100000,VOLTE,2175,2,MY STORY,F,4,M. CHAMPENOIS,D. BONNE,D4,2175,0,42475.0,1m1m8a3m5mDm2m6mDa4m,20.0,24.0,0.08326483630000525,0.016698023242017176,0,0,0,,3.6,0.14285715,7,0.24874792,0.0,2,0,0
2026-09-27,1,6,VINCENNES,PRIX DES ELITES,14:25,1790519100000,VOLTE,2175,3,MISSY DE JIEL,F,4,M. LELIEVRE,J.L. DERSOIR,PA_DP,2175,0,63560.0,6m1m3mDa0a9m6m(25)7m7m,20.0,24.0,0.10050020827913964,0.015901530625887384,0,0,0,,6.2,,0,0.22595078,0.22222222,9,1,8
2026-09-27,1,6,VINCENNES,PRIX DES ELITES,14:25,1790519100000,VOLTE,2175,4,MIMI D'AUTHISE,F,4,A. BARRIER,J.PH. MONCLIN,D4,2175,0,72235.0,3mDmDa(25)Dm4m1m1mDm2m,12.0,14.0,0.1912589022862228,0.07583058518343411,0,0,0,,8.0,0.0,1,0.30976287,0.375,8,2,5
2026-09-27,1,6,VINCENNES,PRIX DES ELITES,14:25,1790519100000,VOLTE,2175,5,MIRATISSIME,F,4,TH. DROMIGNY,A. RIPOLL RIGO,PA,2175,0,76540.0,6mDmDmDmDmDmDm6mDm(25),61.0,63.0,0.058465381936179985,0.011855486679235153,0,0,0,,10.0,,0,0.23263507,,0,3,23
2026-09-27,1,6,VINCENNES,PRIX DES ELITES,14:25,1790519100000,VOLTE,2175,6,MAURICIEN,M,4,A. COLLETTE,R. WESTERINK,DP,2175,0,79050.0,8aDa7m0a1a6a1a1a8a(25),26.0,28.0,0.1109417375345874,0.02682758132304393,0,0,0,,7.4,0.0,2,0.23993747,,0,0,4
2026-09-27,1,6,VINCENNES,PRIX DES ELITES,14:25,1790519100000,VOLTE,2175,7,MALICE CAILLERIE,F,4,M. MOTTIER,M. MOTTIER,PA_DP,2175,0,105230.0,DmDmDm6m6mDmDm1m(25)Dm,17.0,15.0,0.22986772786401777,0.10759244684457632,0,0,0,,9.0,0.25,4,0.33530393,0.6,5,5,19
2026-09-27,1,6,VINCENNES,PRIX DES ELITES,14:25,1790519100000,VOLTE,2175,8,MARILOU,F,4,A. ABRIVARD,TH. DUVALDESTIN,D4,2175,0,107645.0,3a9a5a7a2a3a(25)7a5a6a,7.8,9.1,0.153990281049504,0.050623707182199947,0,0,0,,5.2,0.33333334,6,0.3797358,,0,4,11
2026-09-27,1,6,VINCENNES,PRIX DES ELITES,14:25,1790519100000,VOLTE,2175,9,MILOR DE LA VALLEE,M,4,B. ROCHARD,Olivier TOUVAIS,PA_DP,2175,0,145045.0,4mDm3mDm8mDm4m(25)3m5m,13.0,15.0,0.22093716225305146,0.08596054744362074,0,0,0,,7.4,,0,0.32457945,0.4,5,4,14
2026-09-27,1,6,VINCENNES,PRIX DES ELITES,14:25,1790519100000,VOLTE,2175,10,MIDWAY LADY,F,4,E. RAFFIN,Sté. Ent. Etienne DUBOIS,PA_DP,2175,0,199860.0,7a4a6a3a7aDa5a2a(25)3a,9.8,11.0,0.23399480339096587,0.07571254136084155,0,0,0,,5.4,0.2857143,7,0.40516606,,0,10,18
2026-09-27,1,6,VINCENNES,PRIX DES ELITES,14:25,1790519100000,VOLTE,2175,11,MUNHOA VEDAQUAISE,F,4,P.PH. PLOQUIN,PH. ALLAIRE,PA_DP,2175,0,319450.0,1m1mDm1mDm2mDm1m1m1m,2.7,2.1,0.416870431017768,0.21244403784008004,0,0,0,,5.0,0.5555556,9,0.2820557,0.42857143,7,9,14
2026-09-27,1,6,VINCENNES,PRIX DES ELITES,14:25,1790519100000,VOLTE,2175,12,MISS DES BESACES,F,4,A. GENDROT,R.CH. LARUE,D4,2175,0,415735.0,2m3m2m1m1m4m4m2m4m(25),5.1,5.9,0.26772930474404005,0.09019589007086341,0,0,0,,1.8,0.625,8,0.26746807,0.5833333,12,10,22
2026-09-27,1,7,VINCENNES,PRIX RADIO LATINA (D'ARGELES),15:00,1790521200000,VOLTE,2850,1,ORLANDO YOUNG,H,8,M. MOTTIER,G.V. GUNDERSEN,D4,2850,0,111318.0,0a3a9a7a6a6a3a,,,0.09096455625645959,0.03335600203451308,0,0,0,,7.0,0.2,5,0.33525312,,0,0,1
2026-09-27,1,7,VINCENNES,PRIX RADIO LATINA (D'ARGELES),15:00,1790521200000,VOLTE,2850,2,IQUEM,M,8,A. COLLETTE,K. LEBLANC,PA_DP,2850,0,174530.0,Da8a9aDaDa1a7a3a4a(25),24.0,20.0,0.04343639760455503,0.011417742313242966,0,0,0,,10.0,0.10810811,37,0.2398906,0.0,4,8,35
2026-09-27,1,7,VINCENNES,PRIX RADIO LATINA (D'ARGELES),15:00,1790521200000,VOLTE,2850,3,IROKO DU CAIEU,H,8,K. DEPUYDT,Mme C. DE SOETE,D4,2850,0,177757.0,2a3a2a0a(25)Da2a1a3a1a,25.0,25.0,0.20380169711064977,0.053273682539277,0,0,0,,5.6,0.7,20,0.22105263,0.5294118,17,0,0
2026-09-27,1,7,VINCENNES,PRIX RADIO LATINA (D'ARGELES),15:00,1790521200000,VOLTE,2850,4,IDEFIX JIHEM,H,8,A. BARRIER,A. DE JESUS,D4,2850,0,178450.0,4a0a9a3a1a7a2a(25)2m2m,11.0,11.0,0.09066221877803976,0.0147883865063536,0,0,0,,5.4,0.45945945,37,0.3096967,0.0,2,3,10
2026-09-27,1,7,VINCENNES,PRIX RADIO LATINA (D'ARGELES),15:00,1790521200000,VOLTE,2850,5,ITALIANO DI PAO,H,8,P.PH. PLOQUIN,F. TERRY,D4,2850,0,182455.0,7aDa8a7a6a1a9a2a1a0a,20.0,24.0,0.08043424464106574,0.014857321014388964,0,0,0,,7.8,0.34,50,0.28200692,1.0,1,3,13
2026-09-27,1,7,VINCENNES,PRIX RADIO LATINA (D'ARGELES),15:00,1790521200000,VOLTE,2850,6,INSERT BOY,H,8,E. RAFFIN,Y. DREUX,D4,2850,0,183655.0,1a2a1a1a1a0aDa1a1a1a,2.5,2.9,0.24330919186879693,0.10910169612110639,0,0,0,,1.2,0.16666667,6,0.40512335,0.5,6,2,3
2026-09-27,1,7,VINCENNES,PRIX RADIO LATINA (D'ARGELES),15:00,1790521200000,VOLTE,2850,7,I KEEP CALM,H,8,B. ROCHARD,CH.A. MARY,D4,2850,0,184510.0,4a2a2a0aDa4a1a(25)Da1a,6.0,6.7,0.10609842360551025,0.027906210534374296,0,0,0,,5.8,0.4,15,0.32454017,0.33333334,3,0,6
2026-09-27,1,7,VINCENNES,PRIX RADIO LATINA (D'ARGELES),15:00,1790521200000,VOLTE,2850,8,ISOLEE DU BOUILLON,F,8,M. LEGROS,B. MARIE,D4,2850,0,187555.0,9a6a8a5a0a2a3a0a9a8a,23.0,16.0,0.05528930897880583,0.011909403833612308,0,0,0,,7.6,0.23809524,42,0.22545454,0.33333334,15,5,8
2026-09-27,1,7,VINCENNES,PRIX RADIO LATINA (D'ARGELES),15:00,1790521200000,VOLTE,2850,9,IASELMA,F,8,J. GOSSELIN,J. GOSSELIN,PA,2850,0,192845.0,1a5a3a3a8aDa4a1a7a3a,18.0,17.0,0.07392266824744413,0.017048933471759124,0,0,0,,4.0,0.38709676,31,0.25465837,0.35555556,45,0,4
2026-09-27,1,7,VINCENNES,PRIX RADIO LATINA (D'ARGELES),15:00,1790521200000,VOLTE,2850,10,ILTON DE BELLANDE,H,8,A. ABRIVARD,G. FOURNIGAULT,D4,2850,0,193125.0,1a6a4a(25)4a1a3a2a4a6a,21.0,18.0,0.18504350059317387,0.048016212963360616,0,0,0,70600.0,3.2,0.42307693,26,0.3796807,,0,4,8
2026-09-27,1,7,VINCENNES,PRIX RADIO LATINA (D'ARGELES),15:00,1790521200000,VOLTE,2850,11,OSCAR VAN HALBEEK,H,8,D. THOMAIN,Mme S. LAVIGNE,D4,2850,0,196192.0,DaDaDa7a1a7a,21.0,21.0,0.17504754249969998,0.06552701329857098,0,0,0,70900.0,8.2,0.47619048,21,0.31504035,,0,8,18
2026-09-27,1,7,VINCENNES,PRIX RADIO LATINA (D'ARGELES),15:00,1790521200000,VOLTE,2850,12,ILIANO DES PLAINES,H,8,P.Y. VERVA,E. BOUYER,D4,2850,0,198025.0,2a0a0a3a7m7m8a4a5a8a,42.0,33.0,0.07910449220836761,0.011898175264213441,0,0,0,,6.4,0.4722222,36,0.28477508,,0,5,13
2026-09-27,1,7,VINCENNES,PRIX RADIO LATINA (D'ARGELES),15:00,1790521200000,VOLTE,2850,13,INSOLENT SOMOLLI,H,8,M. ABRIVARD,J.M. ROUBAUD,PA_DP,2850,0,198160.0,0a6a1a1a1a3a7a3a5a2a,7.1,5.8,0.21769821736834313,0.06926696055682822,0,0,0,,3.8,0.6,5,0.33480892,1.0,1,3,5
2026-09-27,1,7,VINCENNES,PRIX RADIO LATINA (D'ARGELES),15:00,1790521200000,VOLTE,2850,14,IDEAL DANCER,M,8,V. FOUCAULT,Mme A. MICHEL,P4,2850,0,198495.0,8a7a2aDa3a9a8a5a(25)8a,30.0,24.0,0.07602896002204478,0.020904427542204923,0,0,0,,6.2,,0,0.13820225,0.0,2,1,4
2026-09-27,1,8,VINCENNES,PRIX D'ARLES,15:35,1790523300000,VOLTE,2175,1,HEGA DES LANDIERS,F,9,J.L.CL. DERSOIR,D. CHERADAME,D4,2175,0,103640.0,4a0a9a2m9m6m0a7a7a8m,32.0,29.0,0.080579369077301,0.020517744450613277,0,0,0,,6.8,0.39285713,28,0.2777778,,0,1,2
2026-09-27,1,8,VINCENNES,PRIX D'ARLES,15:35,1790523300000,VOLTE,2175,2,IZI D'OR DU VINOIS,H,8,TH. DROMIGNY,F. TERRY,D4,2175,0,104875.0,6m0a8aDaDa3a1a(25)0aDa,24.0,24.0,0.09254120841009265,0.028051459763254682,0,0,0,0.0,9.2,0.33333334,9,0.23250689,,0,0,0
2026-09-27,1,8,VINCENNES,PRIX D'ARLES,15:35,1790523300000,VOLTE,2175,3,IVARUN,H,8,P.PH. PLOQUIN,J.J. BAILLON,D4,2175,0,150820.0,0m3aDa3a3a6a2a7aDa(25),17.0,17.0,0.21709825545552972,0.06164977673773825,0,0,0,,6.0,0.37209302,43,0.28195813,,0,1,4
2026-09-27,1,8,VINCENNES,PRIX D'ARLES,15:35,1790523300000,VOLTE,2175,4,IDEAL MOSSA,H,8,A. COLLETTE,Sté. Ent. Jonathan VANMEERBECK,D4,2175,0,157512.0,4a0a7m7aDa6m3a6a4a9a,10.0,9.8,0.07687209866952309,0.02214467723711501,0,0,0,,7.8,0.375,40,0.23984376,,0,0,9
2026-09-27,1,8,VINCENNES,PRIX D'ARLES,15:35,1790523300000,VOLTE,2175,5,ISSIA DE CHARLY,F,8,E. RAFFIN,P. GODEY,D4,2175,0,179050.0,6a5a9a6a8aDa4a9a0a6a,12.0,12.0,0.14464538907370383,0.06087714626933457,0,0,0,,6.8,0.22916667,48,0.40508065,,0,4,30
2026-09-27,1,8,VINCENNES,PRIX D'ARLES,15:35,1790523300000,VOLTE,2175,6,INFIEL,H,8,P.Y. VERVA,P.Y. VERVA,FERRE,2175,0,182165.0,3m9aDaDa5a0a0a0aDa7a,10.0,10.0,0.1173722181569818,0.035513956795465616,0,0,0,,7.8,0.23333333,30,0.28472582,0.25531915,47,3,22
2026-09-27,1,8,VINCENNES,PRIX D'ARLES,15:35,1790523300000,VOLTE,2175,7,IDEAL DE SASSY,H,8,M. MOTTIER,P.L. ROUSSEAU,D4,2175,0,186895.0,0a3a5a7a0a9a2a5a7a7a,5.4,5.7,0.1507844991581211,0.05107292052918155,0,0,0,,7.0,0.36363637,22,0.3352023,,0,0,2
2026-09-27,1,8,VINCENNES,PRIX D'ARLES,15:35,1790523300000,VOLTE,2175,8,GIFTOVER,H,10,B. ROCHARD,CHRISTOPHE MARIE,D4,2175,0,189210.0,6m9m4m2mDaDmDaDm0m0m,6.4,6.8,0.20966065060585518,0.08984775101672127,0,0,0,,6.4,0.4,10,0.32450092,1.0,1,1,6
2026-09-27,1,8,VINCENNES,PRIX D'ARLES,15:35,1790523300000,VOLTE,2175,9,HARRYBEAU DE COUET,H,9,A. BARRIER,A. HUBERT,D4,2175,0,199790.0,1m8m0a6m8a0m2m3m8m3m,6.9,6.3,0.13287055916161142,0.03245855171734063,0,0,0,,6.6,0.34615386,26,0.30963057,0.0,3,2,11
2026-09-27,1,8,VINCENNES,PRIX D'ARLES,15:35,1790523300000,VOLTE,2175,10,HATLAS DE MOUTIERS,H,9,A. ABRIVARD,M.A. BOVAY,PA_DP,2175,0,202013.0,2a2m8a1a3a2a4a1a4a5a,8.3,8.2,0.23922419444326,0.08077002398838327,0,0,0,,3.2,0.33333334,6,0.3796256,0.0,1,0,5
2026-09-27,1,8,VINCENNES,PRIX D'ARLES,15:35,1790523300000,VOLTE,2175,11,GROUPIE DU QUENNE,F,10,J. MAILLARD,D. BONNE,PA_DP,2175,0,202785.0,Da2a8m1mDa7a0a(25)0a0a,13.0,14.0,0.08055966814224548,0.019450155535273798,0,0,0,,6.6,0.0,9,0.1934605,0.0,1,2,15
2026-09-27,1,8,VINCENNES,PRIX D'ARLES,15:35,1790523300000,VOLTE,2175,12,HERAKLION DESBOIS,H,9,W. DERSOIR-HABIB,Ph. GENDRY,D4,2175,0,204085.0,8a4a0a2a7a8a5a8a7a5a,11.0,11.0,0.0697306660216603,0.014557034380595302,0,0,0,,6.2,0.10714286,84,0.23601398,,0,5,38
2026-09-27,1,9,VINCENNES,PRIX DE TOURS,16:10,1790525400000,VOLTE,2850,1,GIULIA PLAY,F,4,E. RAFFIN,A. CHAVATTE,PA_DP,2850,0,50508.0,4a3a6a2a8a6a,6.8,6.9,0.29309394544851575,0.16197695130699322,0,0,0,,4.6,,0,0.40503794,,0,1,1
2026-09-27,1,9,VINCENNES,PRIX DE TOURS,16:10,1790525400000,VOLTE,2850,2,SHE'S A WINNER,F,5,J. VAN DEN PUTTE JR.,Mme Celestine CORTY,D4,2850,0,63118.0,1a8a3a1a1a1a,6.3,6.3,0.22925007762640437,0.0562541364288218,0,0,0,,2.8,0.25,4,0.27594936,0.25,4,1,3
2026-09-27,1,9,VINCENNES,PRIX DE TOURS,16:10,1790525400000,VOLTE,2850,3,MOUSKIE DE GUEZ,F,4,N. BAZIRE,N. BAZIRE,FERRE,2850,0,66210.0,5aDaDa4a(25)Da3aDa3a3a,39.0,36.0,0.03528580008744168,0.011380446771256375,0,0,0,73700.0,8.4,0.42857143,14,0.25044617,0.14285715,7,5,13
2026-09-27,1,9,VINCENNES,PRIX DE TOURS,16:10,1790525400000,VOLTE,2850,4,FOTOFINISH GIOVI,F,5,B. ROCHARD,H.E. BONDO,D4,2850,0,69288.0,9a7a4a2a5a2a,4.0,4.0,0.17547443790967163,0.049118804395741573,0,0,0,,5.4,0.0,2,0.32446164,0.0,1,0,3
2026-09-27,1,9,VINCENNES,PRIX DE TOURS,16:10,1790525400000,VOLTE,2850,5,LISBETH DRY,F,5,CH. MARTENS,V. MARTENS,DA,2850,0,81210.0,1aDa4a1a8a3aDmDa3a2a,5.4,5.2,0.18667337297101452,0.057755045538886086,0,0,0,,5.0,0.0,1,0.3636756,0.25,12,3,13
2026-09-27,1,9,VINCENNES,PRIX DE TOURS,16:10,1790525400000,VOLTE,2850,6,FUNNY GIRL (ITY),F,5,A. ABRIVARD,H.E. BONDO,D4,2850,0,81548.0,0a(25)0aDa2a8a9a6a7a0a,31.0,29.0,0.20272334256438626,0.06291832711035292,0,0,0,70600.0,8.2,0.0,2,0.3795705,0.6666667,3,2,9
2026-09-27,1,9,VINCENNES,PRIX DE TOURS,16:10,1790525400000,VOLTE,2850,7,FREISA ROC,F,5,M. ABRIVARD,Filippo ROCCA,D4,2850,0,82013.0,4a8a4a1a3aDa,10.0,10.0,0.2467260408261034,0.05698725622891909,0,0,0,,4.0,0.2,5,0.3347595,0.33333334,3,1,4
2026-09-27,1,9,VINCENNES,PRIX DE TOURS,16:10,1790525400000,VOLTE,2850,8,LYLOU DES THUYAS,F,5,P.Y. VERVA,P.Y. VERVA,P4,2850,0,82580.0,7a5a3a1a8a3a3a2a8aDa,13.0,13.0,0.11425719687306742,0.019395275393586917,0,0,0,,4.8,,0,0.28467658,0.1923077,26,2,20
2026-09-27,1,9,VINCENNES,PRIX DE TOURS,16:10,1790525400000,VOLTE,2850,9,MARINA JAMES,F,4,ARNAUD DESMOTTES,ARNAUD DESMOTTES,PA_DP,2850,0,83380.0,1a5a5a9a0a9a(25)5a4a3a,4.8,5.0,0.17266937377307676,0.035964898123818666,0,0,0,,6.0,0.0,2,0.30911064,0.3846154,13,3,9
2026-09-27,10,8,CARPENTRAS,PRIX PASCAL PARISI - PRIX PARIS TURF,16:00,1790524800000,VOLTE,2650,1,JADOR JOSSELYN,H,7,E. SALMON,F. TERRY,DP,2650,0,85775.0,6a3a1a8aDaDa2aDaDa2a,14.0,14.0,0.1924752058739839,0.09853105712420762,0,0,0,,5.8,0.4,10,0.13043478,,0,0,0
2026-09-27,10,8,CARPENTRAS,PRIX PASCAL PARISI - PRIX PARIS TURF,16:00,1790524800000,VOLTE,2650,2,ISA DE TOUCHYVON,F,8,J.CH. FERON,G. TOURON,D4,2650,0,88210.0,DaDa6a3aDm6a0aDa8a5a,18.0,16.0,0.13817233493947137,0.035852779650709515,0,0,0,,8.4,0.31578946,19,0.2412263,1.0,1,0,2
2026-09-27,10,8,CARPENTRAS,PRIX PASCAL PARISI - PRIX PARIS TURF,16:00,1790524800000,VOLTE,2650,3,JINA FAST,F,7,S. CINGLAND,S. CINGLAND,D4,2650,0,91005.0,8a7a8a6a2a2a4aDa0aDa,8.3,8.5,0.14517715487999203,0.03860381491519166,0,0,0,,6.2,0.35714287,14,0.21024618,0.33333334,3,0,0
2026-09-27,10,8,CARPENTRAS,PRIX PASCAL PARISI - PRIX PARIS TURF,16:00,1790524800000,VOLTE,2650,4,JINGLE KOP,M,7,G. TOURON,G. TOURON,D4,2650,0,92295.0,4a0a8a6a8a0aDa0a4a4a,40.0,42.0,0.13647555405951825,0.03409961290750968,0,0,0,,7.2,0.0,1,0.09166667,0.3478261,23,1,1
2026-09-27,10,8,CARPENTRAS,PRIX PASCAL PARISI - PRIX PARIS TURF,16:00,1790524800000,VOLTE,2650,5,JEWELKIM,H,7,S. STEFANO,J.M. ROUBAUD,D4,2650,0,93425.0,7a8a6a0a2a6aDaDa0a4a,16.0,17.0,0.2330994344861406,0.08367729452003507,1,0,0,,6.6,,0,0.25515252,,0,0,0
2026-09-27,10,8,CARPENTRAS,PRIX PASCAL PARISI - PRIX PARIS TURF,16:00,1790524800000,VOLTE,2650,6,JAS DU TRUFIER,H,7,J.CH. SOREL,J. GUERIEL,D4,2650,0,94340.0,5a3a0aDa5a0a9a(25)0a9a,22.0,17.0,0.22880766872856037,0.07050058599821997,0,0,0,74900.0,6.8,0.33333334,6,0.23583333,,0,0,0
2026-09-27,10,8,CARPENTRAS,PRIX PASCAL PARISI - PRIX PARIS TURF,16:00,1790524800000,VOLTE,2650,7,JUAN LES PINS,H,7,TH. BRIAND,L. FRESNEAU,D4,2650,0,94655.0,3a1aDa3a4a1a1a1a1a4a,2.1,2.1,0.24570109758514758,0.08710722159914723,0,0,0,,4.4,0.42857143,28,0.3556127,0.0,1,0,1
2026-09-27,10,8,CARPENTRAS,PRIX PASCAL PARISI - PRIX PARIS TURF,16:00,1790524800000,VOLTE,2650,8,JIMI'S BLUES,M,7,Y.A. BRIAND,Bastien CLAIRET,D4,2650,0,95105.0,9a3a9a3aDm2a2a0a7a(25),11.0,11.0,0.24885943917869655,0.1143586780416781,0,0,0,,7.0,0.5714286,7,0.24354896,1.0,1,1,1
2026-09-27,10,8,CARPENTRAS,PRIX PASCAL PARISI - PRIX PARIS TURF,16:00,1790524800000,VOLTE,2650,9,JOKER DU MIDI,H,7,E. GOUT,R. GOUT,D4,2675,25,139615.0,0a5aDa7a2a8a1a1a5m7a,27.0,28.0,0.10725199069945453,0.024105110649314757,0,0,0,,7.0,0.11111111,18,0.17666127,0.16216215,37,0,0
2026-09-27,10,8,CARPENTRAS,PRIX PASCAL PARISI - PRIX PARIS TURF,16:00,1790524800000,VOLTE,2650,10,JOLI MEC D'AMOUR,H,7,J. UROZ,J. UROZ,FERRE,2675,25,155670.0,0a2a1aDa0a1a7a1aDa2a,35.0,37.0,0.1246802198159113,0.041710756810319154,0,0,0,,6.8,0.21428572,14,0.10761155,0.23809524,21,1,1
2026-09-27,10,8,CARPENTRAS,PRIX PASCAL PARISI - PRIX PARIS TURF,16:00,1790524800000,VOLTE,2650,11,ISIS DE POULINE,F,8,L. VERRIERE,J.L. VERRIERE,DP,2675,25,157545.0,6a5aDa6a7a5a6a3aDa1a,14.0,14.0,0.19432253920967782,0.06622403101723567,0,0,0,,7.0,0.625,8,0.17281553,0.32608697,46,0,0
2026-09-27,10,8,CARPENTRAS,PRIX PASCAL PARISI - PRIX PARIS TURF,16:00,1790524800000,VOLTE,2650,12,HUFALO,H,9,NICOLAS GERMAIN LEFEVRE,D. ALEXANDRE,D4,2675,25,157985.0,5aDaDaDa6aDaDa5a(25)Da,67.0,70.0,0.10528067471965781,0.02515151094146835,0,0,0,,8.8,0.16666667,12,0.19843924,,0,0,0
2026-09-27,10,8,CARPENTRAS,PRIX PASCAL PARISI - PRIX PARIS TURF,16:00,1790524800000,VOLTE,2650,13,GALVESTON,H,10,J. GUELPA,Julien CHAUVIN,D4,2675,25,167290.0,4m8a7a6a0a9a4a1a0a1a,16.0,17.0,0.10975687597699817,0.034253628273747554,0,0,0,,7.0,0.48,25,0.21271077,0.0,1,0,0
2026-09-27,10,8,CARPENTRAS,PRIX PASCAL PARISI - PRIX PARIS TURF,16:00,1790524800000,VOLTE,2650,14,HOUPETTE ROSE,F,9,B. CHAUVE-LAFFAY,M. BONNEFOY,D4,2675,25,184915.0,3aDa0a0a6a0a(25)9a3a7a,50.0,52.0,0.11989975337539312,0.043676871134263905,0,0,0,73100.0,8.0,0.42105263,57,0.25668448,,0,0,0
2026-09-27,11,7,CHATEAUROUX,GRAND PRIX CHATEAUROUX METROPOLE,15:30,1790523000000,VOLTE,2900,1,KISS ME MATCH,F,6,M. SAMSON,N. MARTINEAU,DA,2900,0,57580.0,3a3a6a7a4a5a6a2aDa(25),25.0,28.0,0.11434529897083819,0.029650611140216648,0,0,0,,4.6,0.2,15,0.3,0.0,1,0,0
2026-09-27,11,7,CHATEAUROUX,GRAND PRIX CHATEAUROUX METROPOLE,15:30,1790523000000,VOLTE,2900,2,JASMIN DES NIELLES,H,7,L. LABBE,Lucas LABBE,D4,2900,0,58425.0,1a5a7a4a8a0a7a(25)0aDa,,,0.09997867613411017,0.028837644043078408,0,0,0,,5.0,0.33333334,3,0.11309524,0.0,2,0,0
2026-09-27,11,7,CHATEAUROUX,GRAND PRIX CHATEAUROUX METROPOLE,15:30,1790523000000,VOLTE,2900,3,JOLLY DES BORDES,F,7,O. PLACIER,N. MARTINEAU,D4,2900,0,61965.0,5aDa4a5a4a2a4a2a2aDa,19.0,22.0,0.12072689095366244,0.027576906800451856,0,0,0,74800.0,5.8,0.23076923,26,0.21337579,,0,0,0
2026-09-27,11,7,CHATEAUROUX,GRAND PRIX CHATEAUROUX METROPOLE,15:30,1790523000000,VOLTE,2900,4,KIF DE L'UNE,H,6,A. CURY,B. CURY,DA,2900,0,62380.0,5a8a4a6aDa1aDaDa4a9a,8.3,6.5,0.0555783822610004,0.010991226516649645,0,0,0,,6.8,0.0,1,0.14177215,0.0,1,0,0
2026-09-27,11,7,CHATEAUROUX,GRAND PRIX CHATEAUROUX METROPOLE,15:30,1790523000000,VOLTE,2900,5,JOREK,H,7,L.J. LEGROS,J.M. LEGROS,D4,2900,0,62530.0,2a1a5a7a2a0a9a4aDa9a,2.3,2.3,0.20408417667266318,0.05155347246384449,0,0,0,,3.4,0.2857143,7,0.23699422,0.25,24,0,0
2026-09-27,11,7,CHATEAUROUX,GRAND PRIX CHATEAUROUX METROPOLE,15:30,1790523000000,VOLTE,2900,6,KALIE PRIMO,F,6,A. NAVEAU,F. JOSEPH,D4,2900,0,63665.0,Da1a9a0a0a9aDa0a6aDa,25.0,28.0,0.19062725776933206,0.07218864030512212,0,0,0,,8.2,0.4,5,0.19902913,,0,0,0
2026-09-27,11,7,CHATEAUROUX,GRAND PRIX CHATEAUROUX METROPOLE,15:30,1790523000000,VOLTE,2900,7,JULIANA DU LOISIR,F,7,LILIAN BERTIN,Mme N. DESPRES,D4,2900,0,64590.0,1a4a6a9a4aDa4aDa4a0a,8.3,8.1,0.08560142214410828,0.017434824068244658,0,0,0,,4.8,0.09090909,11,0.21681997,,0,0,0
2026-09-27,11,7,CHATEAUROUX,GRAND PRIX CHATEAUROUX METROPOLE,15:30,1790523000000,VOLTE,2900,8,JE T'ADORE JARL,H,7,LOIC GROUSSARD,LOIC GROUSSARD,D4,2900,0,64845.0,Dm3m9m2mDm2m1m8m4m6a,44.0,50.0,0.09684868913539779,0.02312763670196379,0,0,0,,7.2,0.33333334,6,0.14503817,0.375,8,0,0
2026-09-27,11,7,CHATEAUROUX,GRAND PRIX CHATEAUROUX METROPOLE,15:30,1790523000000,VOLTE,2900,9,JARRY DE L'ISOP,H,7,R. GONCET,R. GONCET,D4,2925,25,67850.0,0a7a0a0a0a(25)5a1a1a1a,,,0.17493428153502041,0.06146319184553758,0,0,0,,9.4,0.4,5,0.17777778,0.0,4,0,0
2026-09-27,11,7,CHATEAUROUX,GRAND PRIX CHATEAUROUX METROPOLE,15:30,1790523000000,VOLTE,2900,10,JUAN D'OCCAGNES,H,7,T. AGUIAR,T. AGUIAR,FERRE,2925,25,82275.0,Da1aDa7a0aDaDaDa(25)Da,88.0,101.0,0.0716602000938125,0.014900899670443175,0,0,0,,8.0,0.20689656,29,0.14071856,0.0,3,0,0
2026-09-27,11,7,CHATEAUROUX,GRAND PRIX CHATEAUROUX METROPOLE,15:30,1790523000000,VOLTE,2900,11,HIVAROSA DU BOCAGE,F,9,TH. BUSSET,P.J. CORDEAU,D4,2925,25,96675.0,4a9a3a4a9a9a8a4a8a0a,25.0,28.0,0.04130437687802876,0.010242748950776454,0,0,0,,5.8,0.27272728,33,0.16500711,,0,0,1
2026-09-27,11,7,CHATEAUROUX,GRAND PRIX CHATEAUROUX METROPOLE,15:30,1790523000000,VOLTE,2900,12,HOLD UP RIEZAIS,H,9,S. COUBARD,S. COUBARD,D4,2925,25,114825.0,0a2a3a0a4a3a0a(24)Dm4a,88.0,101.0,0.10636851960087153,0.02553335691877846,0,0,0,,5.8,1.0,1,0.0,,0,0,0
2026-09-27,11,7,CHATEAUROUX,GRAND PRIX CHATEAUROUX METROPOLE,15:30,1790523000000,VOLTE,2900,13,IDYLLE EVER,F,8,G. BOUYER,E. BOUYER,D4,2925,25,122135.0,2a1a9a0a3a8a6a8a2a2a,88.0,28.0,0.09933896539167315,0.028051459763254682,0,0,0,,5.0,0.45454547,33,0.13358779,0.24,25,0,0
2026-09-27,11,7,CHATEAUROUX,GRAND PRIX CHATEAUROUX METROPOLE,15:30,1790523000000,VOLTE,2900,14,KANT,H,6,T. OUVRIE,P.Y. ROCHARD,DA,2925,25,127505.0,3a1a9a3a7a1a9a9a(25)6a,4.6,5.3,0.2098024261892393,0.0864153456689583,0,0,0,,4.6,0.33333334,3,0.17880794,,0,0,0
2026-09-27,11,7,CHATEAUROUX,GRAND PRIX CHATEAUROUX METROPOLE,15:30,1790523000000,VOLTE,2900,15,HEAVEN JULRY,M,9,P.J. CORDEAU,P.J. CORDEAU,D4,2925,25,128135.0,6a8a0a0a7a8a7a6a0a(25),35.0,40.0,0.04021181362087209,0.009300746926845313,0,0,0,,8.2,0.27272728,44,0.08571429,0.0,1,0,0
2026-09-27,11,7,CHATEAUROUX,GRAND PRIX CHATEAUROUX METROPOLE,15:30,1790523000000,VOLTE,2900,16,HUGO THE BOSS,H,9,D.G. CHAVATTE,I.P. BLANCHON,D4,2925,25,131425.0,8m6a8a2a6a0a0a3a7a(25),29.0,33.0,0.11098935786435786,0.023815721523647967,0,0,0,,6.0,0.5,14,0.09836066,,0,0,0
2026-09-27,12,1,CHOLET,PRIX L'ECRIVAIN PUBLIC,11:50,1790509800000,VOLTE,2100,1,ODIN JOME,M,2,M. MAIGNAN,J.PH. RAFFEGEAU,FERRE,2100,0,0.0,,,48.0,0.14863155942354653,0.03890754778750395,0,0,0,,,,0,0.20103092,,0,0,0
2026-09-27,12,1,CHOLET,PRIX L'ECRIVAIN PUBLIC,11:50,1790509800000,VOLTE,2100,2,OKENOBI DAIRPET,M,2,A.A. CHAVATTE,A. CHAVATTE,FERRE,2100,0,0.0,,13.0,12.0,0.48066817040200266,0.2896150222586932,0,0,0,,,,0,0.39165545,,0,0,0
2026-09-27,12,1,CHOLET,PRIX L'ECRIVAIN PUBLIC,11:50,1790509800000,VOLTE,2100,3,OTHELLA DU CAMPUS,F,2,LEO ABRIVARD,L.CL. ABRIVARD,FERRE,2100,0,0.0,,26.0,16.0,0.23105409408013122,0.068312743841006,0,0,0,,,,0,0.20273829,,0,0,0
2026-09-27,12,1,CHOLET,PRIX L'ECRIVAIN PUBLIC,11:50,1790509800000,VOLTE,2100,4,ORNIKA DE MORGANE,F,2,G. SALLES,R.CH. LARUE,FERRE,2100,0,650.0,5a,,48.0,0.10025662310259598,0.012926078433049985,0,0,0,,5.0,0.0,1,0.048387095,,0,0,0
2026-09-27,12,1,CHOLET,PRIX L'ECRIVAIN PUBLIC,11:50,1790509800000,VOLTE,2100,5,ONLY AFRICA,F,2,A. REBECHE,Théo CHERADAME,FERRE,2100,0,1040.0,4a,7.6,8.9,0.22054800612623973,0.056281995616236126,0,0,0,,4.0,0.0,1,0.20993087,,0,0,0
2026-09-27,12,1,CHOLET,PRIX L'ECRIVAIN PUBLIC,11:50,1790509800000,VOLTE,2100,6,ODE A L'AMOUR,F,2,A. MARION,A. MARION,FERRE,2100,0,2240.0,Da3a,5.9,3.4,0.18060150891694549,0.035852779650709515,0,0,0,,7.0,0.0,2,0.13513513,0.0,2,0,0
2026-09-27,12,1,CHOLET,PRIX L'ECRIVAIN PUBLIC,11:50,1790509800000,VOLTE,2100,7,ONAHA STREET,F,2,TH. RAFFIN,Dariusz CZERWINSKI,FERRE,2100,0,2265.0,5a4a5a,8.8,8.9,0.2579428506154011,0.06698171651570672,0,0,0,,4.6666665,,0,0.21138212,,0,0,0
2026-09-27,12,1,CHOLET,PRIX L'ECRIVAIN PUBLIC,11:50,1790509800000,VOLTE,2100,8,OTHELLO D'AVE,M,2,A. CHERADAME,L.M. DAVID,FERRE,2100,0,2360.0,3a6a,,48.0,0.283982150897979,0.07510366199694891,0,0,0,,4.5,0.0,1,0.2631579,,0,0,0
2026-09-27,12,1,CHOLET,PRIX L'ECRIVAIN PUBLIC,11:50,1790509800000,VOLTE,2100,9,OOKER DE L'ERDRE,M,2,CH. CHALON,CH. CHALON,FERRE,2100,0,3150.0,5a2aDa,1.6,2.7,0.16519441468990395,0.03278023056153745,0,0,0,,6.0,0.0,1,0.19414894,0.0,1,0,0
2026-09-27,12,1,CHOLET,PRIX L'ECRIVAIN PUBLIC,11:50,1790509800000,VOLTE,2100,10,OFFSHORE MIJO,M,2,A. GUARATO,S. GUARATO,FERRE,2100,0,3630.0,7a2aDa,26.0,12.0,0.2997436380571698,0.10716879887911608,0,0,0,,6.6666665,0.0,2,0.239819,,0,0,0
2026-09-27,12,2,CHOLET,PRIX GRAPHIC 49,12:20,1790511600000,VOLTE,2800,1,KHALEESI DE MALAC,F,6,M. POTIER,B.R. PLAIRE,PA_DP,2800,0,36235.0,2a6m1m6aDm6m3m0a8a6a,,,0.04582810715918708,0.008439428288429042,0,0,0,75100.0,5.2,0.5,2,0.13143872,,0,0,2
2026-09-27,12,2,CHOLET,PRIX GRAPHIC 49,12:20,1790511600000,VOLTE,2800,2,KING DEL PHEDO,M,6,TH. RAFFIN,M. DABOUIS,D4,2800,0,36305.0,3m5m4m7m7m5m3m8m7m(25),,,0.13243587991904734,0.04024299761850982,0,0,0,74700.0,5.2,0.5,2,0.21095334,,0,0,0
2026-09-27,12,2,CHOLET,PRIX GRAPHIC 49,12:20,1790511600000,VOLTE,2800,3,KASSAV,H,6,P. HOUEL,J. GROIZEAU,P4,2800,0,37530.0,DaDa0a0a3a0aDa4aDa0a,,1.7,0.08022727553116525,0.025700787684107624,0,0,0,,9.0,,0,0.20588236,,0,0,0
2026-09-27,12,2,CHOLET,PRIX GRAPHIC 49,12:20,1790511600000,VOLTE,2800,4,KOMETE DE VAL,F,6,Mlle ALEXIANE LEPAGE,E. LAMBERTZ,P4,2800,0,39135.0,4a7m7m4m0a2a(25)6m0aDm,,,0.10050020827913964,0.03250046153054772,0,0,0,,6.4,,0,0.23163842,,0,0,0
2026-09-27,12,2,CHOLET,PRIX GRAPHIC 49,12:20,1790511600000,VOLTE,2800,5,KANSAS DE LUBEL,H,6,Mme R. HARDOIN,ALEXANDRE CHEVRIER,D4,2800,0,39515.0,Dm2m7mDm5a8a7aDa2a5a,,1.7,0.09116868698604495,0.02074454793552001,0,0,0,74300.0,7.2,0.1904762,21,0.16666667,,0,0,0
2026-09-27,12,2,CHOLET,PRIX GRAPHIC 49,12:20,1790511600000,VOLTE,2800,6,JASKA DES LANDES,F,7,Mlle NOEMIE HARDY,S. HARDY,FERRE,2800,0,40870.0,0a9mDaDa9aDaDaDa(25)9a,,,0.017444403191308456,0.0019892957227467378,0,0,0,,10.0,0.04,25,0.081190795,0.07692308,13,0,1
2026-09-27,12,2,CHOLET,PRIX GRAPHIC 49,12:20,1790511600000,VOLTE,2800,7,KETTY PETTEVINIERE,F,6,Mlle M. BEUDARD,E. BEUDARD,DP,2800,0,41580.0,Da8a6a4a6a6a2a8a5a6a,,,0.08009291535266932,0.018304408614358583,0,0,0,,7.0,0.2,5,0.2413793,,0,1,1
2026-09-27,12,2,CHOLET,PRIX GRAPHIC 49,12:20,1790511600000,VOLTE,2800,8,KROSKOF DE GUEZ,H,6,S.E. PASQUIER,Théo RADOUX,PA_DP,2800,0,41750.0,DmDm1mDa7a(25)Dm2m1mDa,,,0.14538528393688885,0.04785850789430657,0,0,0,,8.2,0.4,5,0.22212544,,0,0,0
2026-09-27,12,2,CHOLET,PRIX GRAPHIC 49,12:20,1790511600000,VOLTE,2800,9,JARDY DES LANDES,H,7,Mme T. MATHIAS-MAISONNETTE,B. MARIE,D4,2800,0,43000.0,Dm4m5m2mDaDa8m5mDmDa,,,0.09807796524387358,0.03302397261698898,0,0,0,74800.0,6.6,0.13333334,15,0.25925925,,0,0,0
2026-09-27,12,2,CHOLET,PRIX GRAPHIC 49,12:20,1790511600000,VOLTE,2800,10,KILLY D'AVENIR,H,6,Mlle L. PLANCHENAULT,N. DELAMARRE,PA_DP,2800,0,44750.0,5m1m1a8m(25)3a1m7a7m3a,,,0.2203313348026709,0.07220870562088409,0,0,0,,3.6,,0,0.25310174,,0,0,1
2026-09-27,12,2,CHOLET,PRIX GRAPHIC 49,12:20,1790511600000,VOLTE,2800,11,KENZO D'EVA,H,6,Mme C. BRASSINNE,P. PELLEROT,D4,2825,25,71080.0,0a6m5aDaDmDm3m2m3mDa,,,0.20253865886061484,0.076279415493837,0,0,0,,8.6,0.35714287,14,0.33333334,1.0,2,1,2
2026-09-27,12,2,CHOLET,PRIX GRAPHIC 49,12:20,1790511600000,VOLTE,2800,12,KOKTAIL DE JANZE,H,6,CL. FRECELLE,F. JOSEPH,PA_DP,2825,25,72530.0,4m1m1m2m(25)Dm6mDm4m3m,,,0.30025501202888244,0.11656738702742418,0,0,0,,3.8,1.0,1,0.26532826,0.44444445,9,0,0
2026-09-27,12,2,CHOLET,PRIX GRAPHIC 49,12:20,1790511600000,VOLTE,2800,13,KOSMOS DU BOIS,H,6,G. LENAIN,Mlle CL. BEILEARD,PA_DP,2825,25,72600.0,1m2m0a0a8aDa6a0a(25)Da,,,0.17713793354484073,0.06233429083844402,0,0,0,,6.2,0.2,5,0.22366522,,0,0,1
2026-09-27,12,2,CHOLET,PRIX GRAPHIC 49,12:20,1790511600000,VOLTE,2800,14,IDO MENDY,H,8,R. VILAULT,D. LECROQ,FERRE,2825,25,80147.0,Da0aDaDa1aDmDaDa4a5a,,,0.02240854292495238,0.006538274936172067,0,0,0,,8.8,0.0,5,0.18181819,,0,0,0
2026-09-27,12,2,CHOLET,PRIX GRAPHIC 49,12:20,1790511600000,VOLTE,2800,15,KALY D'EOLE,F,6,Mlle A. GERVAIS,L. LAUDREN,D4,2825,25,81195.0,4mDa4m8a2mDm2mDaDm4m,,,0.11348031271006263,0.023603504612400687,0,0,0,73600.0,5.8,0.25,20,0.14757709,,0,0,0
2026-09-27,12,2,CHOLET,PRIX GRAPHIC 49,12:20,1790511600000,VOLTE,2800,16,JOIE DE VIVRE,F,7,A. REBECHE,V. LEBARQUE,DP,2825,25,81840.0,7a0a(25)0a2m7aDaDa5aDm,,,0.21496435640016273,0.07400279747966902,0,0,0,,7.2,0.44444445,18,0.20979899,0.33333334,18,1,1
2026-09-27,12,2,CHOLET,PRIX GRAPHIC 49,12:20,1790511600000,VOLTE,2800,17,ILOWA D'OHARA,F,8,Mme L. PREEL,S. HARDY,FERRE,2825,25,83045.0,6m3a4m7a4a8a6a0a2a8a,,,0.021610589718529482,0.0004474272930648769,0,0,0,72400.0,4.8,0.20454545,44,0.0,,0,0,0
2026-09-27,12,2,CHOLET,PRIX GRAPHIC 49,12:20,1790511600000,VOLTE,2800,18,ICARE DU FAOUET,H,8,Mme CLARA DERSOIR,N. DELAMARRE,PA,2825,25,84590.0,1m1a5a1m4m4m1m4m7aDa,,,0.0745577518170782,0.018155931131008326,0,0,0,,2.4,0.16666667,6,0.071428575,0.0,2,0,0
2026-09-27,12,3,CHOLET,PRIX TRANSPORTS LOISEAU,12:50,1790513400000,VOLTE,2800,1,NAT KING SNOB,H,3,CL. FRECELLE,CL. FRECELLE,FERRE,2800,0,0.0,,,,0.16208887042491985,0.05748604894575765,0,0,0,,,,0,0.26518437,,0,0,0
2026-09-27,12,3,CHOLET,PRIX TRANSPORTS LOISEAU,12:50,1790513400000,VOLTE,2800,2,NECTAR DU FRUITIER,H,3,J. BRUNEAU,CH.M. BRUNEAU,FERRE,2800,0,0.0,,,1.1,0.14703891905746003,0.038790597609066446,0,0,0,,,,0,0.19272727,,0,0,0
2026-09-27,12,3,CHOLET,PRIX TRANSPORTS LOISEAU,12:50,1790513400000,VOLTE,2800,3,NOA DES LUCAS,M,3,A.A. CHAVATTE,A. CHAVATTE,FERRE,2800,0,0.0,,,,0.4411401010110479,0.26031541071995407,0,0,0,,,,0,0.39112905,,0,0,0
2026-09-27,12,3,CHOLET,PRIX TRANSPORTS LOISEAU,12:50,1790513400000,VOLTE,2800,4,NOMADE DE BELFONDS,H,3,JEROME DAVID,JEROME DAVID,FERRE,2800,0,0.0,,,,0.060382821537944185,0.011739856501184608,0,0,0,,,,0,0.061433446,,0,0,0
2026-09-27,12,3,CHOLET,PRIX TRANSPORTS LOISEAU,12:50,1790513400000,VOLTE,2800,5,NOTTINGHAM GABY,H,3,C. BEDEL,C. BEDEL,FERRE,2800,0,0.0,Da,,,0.0593580132409681,0.013315298687656718,0,0,0,,11.0,,0,0.16129032,,0,0,0
2026-09-27,12,3,CHOLET,PRIX TRANSPORTS LOISEAU,12:50,1790513400000,VOLTE,2800,6,NEVADA DE VIETTE,H,3,J. GROIZEAU,J. GROIZEAU,FERRE,2800,0,120.0,DaDaDa7a,,,0.042373574658260825,0.009300746926845313,0,0,0,,10.0,,0,0.088709675,,0,0,0
2026-09-27,12,3,CHOLET,PRIX TRANSPORTS LOISEAU,12:50,1790513400000,VOLTE,2800,7,NUMBER DREAM,M,3,J. LEBOUTEILLER,J. LEBOUTEILLER,FERRE,2800,0,400.0,Da6a7aDa(25)DaDa,,,0.1954440107315152,0.06495747267004222,0,0,0,,9.2,0.0,3,0.2745592,0.0,3,0,0
2026-09-27,12,3,CHOLET,PRIX TRANSPORTS LOISEAU,12:50,1790513400000,VOLTE,2800,8,NARDOUET,M,3,LEO ABRIVARD,A. SOURICE,FERRE,2800,0,700.0,5a0a,,,0.11695536468611738,0.02838007810625166,0,0,0,,7.5,0.0,2,0.20263158,,0,0,0
2026-09-27,12,3,CHOLET,PRIX TRANSPORTS LOISEAU,12:50,1790513400000,VOLTE,2800,9,NEO MAGALOU,M,3,J.P. CADEAU,J.P. CADEAU,FERRE,2800,0,2340.0,7a9a4a6a4a0a8aDa,,,0.0710964127041573,0.010242748950776454,0,0,0,,6.0,0.0,3,0.028571429,0.0,3,0,0
2026-09-27,12,3,CHOLET,PRIX TRANSPORTS LOISEAU,12:50,1790513400000,VOLTE,2800,10,NICOS BLEU,M,3,J.PH. RAFFEGEAU,J.PH. RAFFEGEAU,FERRE,2800,0,2900.0,4mDaDa6a5aDaDaDa,,,0.12965183846888553,0.024476909243896876,0,0,0,,7.4,0.0,5,0.122023806,0.0,3,0,0
2026-09-27,12,3,CHOLET,PRIX TRANSPORTS LOISEAU,12:50,1790513400000,VOLTE,2800,11,NEO DE FROY,M,3,ANTHONY DOLLION,Anthony DOLLION,FERRE,2800,0,3125.0,2aDa,,,0.2653023850476441,0.09441186027562198,0,0,0,,6.5,,0,0.33293977,,0,0,0
2026-09-27,12,3,CHOLET,PRIX TRANSPORTS LOISEAU,12:50,1790513400000,VOLTE,2800,12,NEWTON FRECA,H,3,F. JOSEPH,F. JOSEPH,FERRE,2800,0,3125.0,2a,,,0.2947224798603832,0.10554362180142145,0,0,0,,2.0,,0,0.27051,,0,0,0
2026-09-27,12,3,CHOLET,PRIX TRANSPORTS LOISEAU,12:50,1790513400000,VOLTE,2800,13,NIELLUCCIO BEHEM,M,3,G. LENAIN,Mlle CL. BEILEARD,FERRE,2800,0,4125.0,8aDaDaDa2a5a,,,0.18667337297101452,0.06077635738440825,0,0,0,,8.6,0.25,4,0.22334294,,0,0,0
2026-09-27,12,3,CHOLET,PRIX TRANSPORTS LOISEAU,12:50,1790513400000,VOLTE,2800,14,NICEST OF PACE,H,3,F. POISSON,Sté. Ent. Matilde HERLEIKSPLASS,FERRE,2800,0,4250.0,2a5a,,,0.17779868106781357,0.040835263863543775,0,0,0,79300.0,3.5,1.0,1,0.16304348,,0,1,1
2026-09-27,12,4,CHOLET,PRIX ABG CLIMATIQUE (GR.A),13:20,1790515200000,VOLTE,2800,1,NELL OF PACE,F,3,TH. RAFFIN,CH.A. MARY,FERRE,2800,0,0.0,,,,0.17623959726892593,0.040877849205943666,0,0,0,,,,0,0.21052632,,0,0,0
2026-09-27,12,4,CHOLET,PRIX ABG CLIMATIQUE (GR.A),13:20,1790515200000,VOLTE,2800,2,NOCTURNE DU BOIS,F,3,Mlle CL. BEILEARD,Mlle CL. BEILEARD,FERRE,2800,0,0.0,,,,0.12841444926588055,0.028480344621272236,0,0,0,,,,0,0.1919192,,0,0,0
2026-09-27,12,4,CHOLET,PRIX ABG CLIMATIQUE (GR.A),13:20,1790515200000,VOLTE,2800,3,NEMESIS DESBOIS,F,3,A. MALLET,CH.A. MALLET,FERRE,2800,0,0.0,9a9a8a,,,0.09003687176885998,0.012926078433049985,0,0,0,,8.666667,0.0,1,0.2173913,0.0,1,0,1
2026-09-27,12,4,CHOLET,PRIX ABG CLIMATIQUE (GR.A),13:20,1790515200000,VOLTE,2800,4,NUIT DU PONT,F,3,A. MARION,A. MARION,FERRE,2800,0,0.0,DaDa,,,0.06388897435541004,0.010242748950776454,0,0,0,,11.0,,0,0.13333334,0.0,1,0,0
2026-09-27,12,4,CHOLET,PRIX ABG CLIMATIQUE (GR.A),13:20,1790515200000,VOLTE,2800,5,NETTIE BREIZH,F,3,M. BEZIER,M. BEZIER,P4,2800,0,1960.0,3a6aDaDa,,,0.17999848788602288,0.04905621078674776,0,0,0,,7.75,,0,0.19713262,0.0,1,0,1
2026-09-27,12,4,CHOLET,PRIX ABG CLIMATIQUE (GR.A),13:20,1790515200000,VOLTE,2800,6,NEW DANCE,F,3,V. TESTARD,J. DUBOIS,FERRE,2800,0,2140.0,8m4a6m7m,,,0.20078007422600755,0.0348019868588377,0,0,0,,6.25,0.0,4,0.16666667,0.0,1,0,0
2026-09-27,12,4,CHOLET,PRIX ABG CLIMATIQUE (GR.A),13:20,1790515200000,VOLTE,2800,7,NINA D'AUVILLIER,F,3,G. JOUVE,Guillaume JOUVE,PA,2800,0,2680.0,3aDa4a8aDaDaDa,,,0.16797621676069388,0.028426732700005897,0,0,0,,7.4,0.0,3,0.20659341,0.0,3,0,1
2026-09-27,12,4,CHOLET,PRIX ABG CLIMATIQUE (GR.A),13:20,1790515200000,VOLTE,2800,8,NEW SEASON,F,3,L. BELLOCHE,P. BELLOCHE,FERRE,2800,0,2920.0,4a3aDaDa,,,0.16211660257000515,0.030681415062212284,0,0,0,,7.25,,0,0.0625,,0,0,0
2026-09-27,12,4,CHOLET,PRIX ABG CLIMATIQUE (GR.A),13:20,1790515200000,VOLTE,2800,9,NAUSICAA PRIORY,F,3,K. DAVID,L.M. DAVID,P4,2800,0,3085.0,4a0a5a5aDa5a(25)7a,,,0.1403804822376757,0.022140654312952323,0,0,0,79800.0,7.0,,0,0.1484375,,0,0,0
2026-09-27,12,4,CHOLET,PRIX ABG CLIMATIQUE (GR.A),13:20,1790515200000,VOLTE,2800,10,NEMESIS D'OCCAGNES,F,3,M. POTIER,Jean-François MOQUET,FERRE,2800,0,3675.0,Da8a5aDmDaDa2aDa,,,0.10458488985907,0.02303960081821202,0,0,0,,9.2,0.0,1,0.13120568,,0,0,0
2026-09-27,12,4,CHOLET,PRIX ABG CLIMATIQUE (GR.A),13:20,1790515200000,VOLTE,2800,11,NANA DE BELVIE,F,3,M. TOUZET,J.M. TOUZET,FERRE,2800,0,3800.0,5aDa8a2a,,,0.15378911004520476,0.025645739546440015,0,0,0,,6.5,0.0,1,0.045454547,0.0,1,0,0
2026-09-27,12,4,CHOLET,PRIX ABG CLIMATIQUE (GR.A),13:20,1790515200000,VOLTE,2800,12,NUSTINE,F,3,ANTHONY DOLLION,Anthony DOLLION,PA,2800,0,4000.0,2aDa4a,,,0.3193580356993371,0.10047511315172708,0,0,0,,5.6666665,0.0,1,0.33254716,0.0,1,0,1
2026-09-27,12,5,CHOLET,PRIX DES GLAIEULS (GR.B),13:50,1790517000000,VOLTE,2800,1,NITROGLYCERINE,F,3,A.A. CHAVATTE,A. CHAVATTE,FERRE,2800,0,0.0,,,,0.42301032646512926,0.22196845213313143,0,0,0,,,,0,0.39060402,,0,0,0
2026-09-27,12,5,CHOLET,PRIX DES GLAIEULS (GR.B),13:50,1790517000000,VOLTE,2800,2,NUEE DE TREMONT,F,3,P. HOUEL,G. HOUEL,FERRE,2800,0,0.0,,,,0.17410339962746782,0.0495776166772327,0,0,0,,,,0,0.20566632,,0,0,0
2026-09-27,12,5,CHOLET,PRIX DES GLAIEULS (GR.B),13:50,1790517000000,VOLTE,2800,3,NIKITA GODINIERE,F,3,Mlle M. LIBERGE,CH. LIBERGE,FERRE,2800,0,0.0,0aDaDa,,,0.01465476438588574,0.0017335908327578582,0,0,0,,10.666667,0.0,1,0.020833334,0.0,1,0,1
2026-09-27,12,5,CHOLET,PRIX DES GLAIEULS (GR.B),13:50,1790517000000,VOLTE,2800,4,NEIGE D'URZY,F,3,LEO ABRIVARD,L.CL. ABRIVARD,FERRE,2800,0,1610.0,4aDa5aDa,,,0.15929919504860854,0.029650611140216648,0,0,0,,7.75,0.0,1,0.20252499,,0,0,0
2026-09-27,12,5,CHOLET,PRIX DES GLAIEULS (GR.B),13:50,1790517000000,VOLTE,2800,5,NIGHTINGALE SEVEN,F,3,TH. RAFFIN,P. FERCHAUD,FERRE,2800,0,2110.0,7a3aDa8a0aDa,,,0.09574451188214651,0.018304408614358583,0,0,0,,7.8,0.0,3,0.21010101,0.0,1,0,0
2026-09-27,12,5,CHOLET,PRIX DES GLAIEULS (GR.B),13:50,1790517000000,VOLTE,2800,6,NESSY DU FER,F,3,J.PH. RAFFEGEAU,J.PH. RAFFEGEAU,FERRE,2800,0,2240.0,3a6a,,,0.20232959372746318,0.0401286624225552,0,0,0,,4.5,0.0,2,0.12166172,0.0,2,0,0
2026-09-27,12,5,CHOLET,PRIX DES GLAIEULS (GR.B),13:50,1790517000000,VOLTE,2800,7,NORMANDY JOSSELYN,F,3,A. REBECHE,H. LE BEC,PA,2800,0,2850.0,8aDaDa3aDa5a,,,0.19407496150478812,0.08101538140063587,0,0,0,,8.8,,0,0.2096673,,0,0,0
2026-09-27,12,5,CHOLET,PRIX DES GLAIEULS (GR.B),13:50,1790517000000,VOLTE,2800,8,NIKITA DES ECUS,F,3,C. BEDEL,C. BEDEL,FERRE,2800,0,3005.0,Da3a5a9aAa5a,,,0.15458099393853927,0.029650611140216648,0,0,0,,7.8,,0,0.16,,0,0,0
2026-09-27,12,5,CHOLET,PRIX DES GLAIEULS (GR.B),13:50,1790517000000,VOLTE,2800,9,NIKITA DU ROY,F,3,M. MAIGNAN,J.PH. RAFFEGEAU,FERRE,2800,0,3500.0,Da8aDaDa2a8a,,,0.16532901149665197,0.038587848889082586,0,0,0,,8.6,0.25,4,0.20051414,,0,0,0
2026-09-27,12,5,CHOLET,PRIX DES GLAIEULS (GR.B),13:50,1790517000000,VOLTE,2800,10,NOEMIE DU CLOS,F,3,Mme T. MATHIAS-MAISONNETTE,TH. RAFFEGEAU,FERRE,2800,0,3705.0,Da6a5a3a4a,,,0.30409500077060625,0.085352710195513,0,0,0,,5.8,,0,0.25880283,,0,0,0
2026-09-27,12,5,CHOLET,PRIX DES GLAIEULS (GR.B),13:50,1790517000000,VOLTE,2800,11,NUANCE DES APRES,F,3,M. POTIER,O. POTIER,FERRE,2800,0,3935.0,Da3a0a6a5a4a,,,0.12395514067116092,0.02435151514217454,0,0,0,,7.0,0.0,1,0.13097346,0.0,1,0,0
2026-09-27,12,5,CHOLET,PRIX DES GLAIEULS (GR.B),13:50,1790517000000,VOLTE,2800,12,NOUVELLE GLAM,F,3,H. SIONNEAU,H. SIONNEAU,FERRE,2800,0,4040.0,Da4a4a7a7a9aDaDa3a,,,0.16211660257000515,0.02871111364377257,0,0,0,,6.6,,0,0.1762208,,0,0,0
2026-09-27,12,6,CHOLET,PRIX OBO JARDIN (GR.A),14:20,1790518800000,VOLTE,2800,1,MISS POKER,F,4,Mlle M. LIBERGE,CH. LIBERGE,FERRE,2800,0,1975.0,DaDa6a5aDaDa8aDa4a,,,0.004996147326244414,0.0,0,0,0,,8.8,0.0,1,0.020408163,0.0,2,0,0
2026-09-27,12,6,CHOLET,PRIX OBO JARDIN (GR.A),14:20,1790518800000,VOLTE,2800,2,MEDOC DES GLENAN,M,4,N. PICARD,K. LEBLANC,DP,2800,0,12205.0,3a5a(25)7a4a3a8a1a,,,0.1393635849213671,0.03374792545712834,0,1,0,76300.0,4.4,,0,0.13333334,,0,0,0
2026-09-27,12,6,CHOLET,PRIX OBO JARDIN (GR.A),14:20,1790518800000,VOLTE,2800,3,MALICE DE COSSE,F,4,M. LEDUC,A. LEDUC,FERRE,2800,0,12790.0,AaDa8aDa2aDaDaDa2a4a,,,0.030860494287923885,0.004480395906684205,0,0,0,,8.6,0.16666667,6,0.097222224,,0,0,0
2026-09-27,12,6,CHOLET,PRIX OBO JARDIN (GR.A),14:20,1790518800000,VOLTE,2800,4,MATY ROYALE,F,4,M. POTIER,B.R. PLAIRE,FERRE,2800,0,13315.0,Da5a7a5aDa9a3aDa6a9a,,,0.03730874373565147,0.005742377608763706,0,0,0,,7.8,0.071428575,14,0.13074204,,0,0,3
2026-09-27,12,6,CHOLET,PRIX OBO JARDIN (GR.A),14:20,1790518800000,VOLTE,2800,5,MARIO GENDREEN,H,4,JULIEN GRISON,N. LEMETAYER,D4,2825,25,21070.0,5a1a2aDa1a7a(25)Da4a4a,,,0.1653441692425151,0.04424357933617085,0,0,0,,4.0,0.0,4,0.17777778,0.0,2,0,0
2026-09-27,12,6,CHOLET,PRIX OBO JARDIN (GR.A),14:20,1790518800000,VOLTE,2800,6,MON REVE,H,4,EMILIEN DUPONT,S.G. DUPONT,D4,2825,25,21225.0,1a2a(25)1a4a,,,0.42748917908942413,0.2160432316450109,0,0,0,75900.0,2.0,1.0,1,0.28176796,,0,0,0
2026-09-27,12,6,CHOLET,PRIX OBO JARDIN (GR.A),14:20,1790518800000,VOLTE,2800,7,MAYA DE LA FYE,F,4,E. CIVE,F. COPPYN,D4,2825,25,24710.0,Da1mDaDa3a5a2a9a(25)6a,,,0.0877532426124738,0.01587394010929261,0,0,0,,7.4,0.25,4,0.110526316,0.0,1,0,0
2026-09-27,12,6,CHOLET,PRIX OBO JARDIN (GR.A),14:20,1790518800000,VOLTE,2800,8,MIGRAINE DE CONNEE,F,4,Mme C. DUFFY,CH.A. MALLET,FERRE,2825,25,26010.0,4a2a2aDaDa5a1a(25)2aDa,,,0.10347629344714866,0.021242570541504125,0,0,0,,6.0,0.42857143,7,0.0,,0,0,0
2026-09-27,12,6,CHOLET,PRIX OBO JARDIN (GR.A),14:20,1790518800000,VOLTE,2800,9,MY WILD,F,4,W. PLAIRE,A. THOMAS,FERRE,2825,25,26085.0,4a2a(25)7a1a1aDa4aDa3a,,,0.08076261828416177,0.018879205247019644,0,0,0,75200.0,3.0,0.4,5,0.19827586,0.6666667,3,0,1
2026-09-27,12,6,CHOLET,PRIX OBO JARDIN (GR.A),14:20,1790518800000,VOLTE,2800,10,MUJERIEGO,H,4,F. POISSON,F. JOSEPH,DP,2825,25,26585.0,3aDaDaDa1a8a1aDa3a(25),,,0.14539595690060547,0.031737862737093864,0,0,0,,7.4,0.0,2,0.1626898,,0,0,0
2026-09-27,12,6,CHOLET,PRIX OBO JARDIN (GR.A),14:20,1790518800000,VOLTE,2800,11,MELODY DE MADKER,F,4,A. MALLET,CH.A. MALLET,DP,2825,25,27580.0,2a3a2aDa3a1a2a4a3a5a,,,0.24578947126036252,0.05638611218101532,0,0,0,,4.2,0.25,4,0.21645021,0.6666667,3,0,0
2026-09-27,12,6,CHOLET,PRIX OBO JARDIN (GR.A),14:20,1790518800000,VOLTE,2800,12,MAMBA SOMOLLI,F,4,Mlle C. LEGRAIN,Anthonin FAVRIS,D4,2825,25,27655.0,2a6a5a2a0a5aDa7aDa0a,,,0.13808469893023087,0.019860695419170984,0,0,0,,5.0,0.2,5,0.15789473,0.0,1,0,0
2026-09-27,12,7,CHOLET,PRIX DES DIPLADENIAS (GR.B),14:50,1790520600000,VOLTE,2800,1,MILADY DIGEO,F,4,L. CHUPIN,Y. DOUSSET,FERRE,2800,0,11690.0,Da6a2aDa4aDa3a4a2a4a,,,0.034149065931250715,0.0046387901107794085,0,0,0,78200.0,6.8,0.0,4,0.14166667,0.0,2,0,0
2026-09-27,12,7,CHOLET,PRIX DES DIPLADENIAS (GR.B),14:50,1790520600000,VOLTE,2800,2,MILANO HAUFOR,H,4,G. GANNE,CH. BIGEON,DP,2800,0,12515.0,3a6a5aDa4a5a(25)3a3a2a,,,0.11891508519262488,0.025779885797587287,0,0,0,,5.8,0.0,1,0.0,,0,0,0
2026-09-27,12,7,CHOLET,PRIX DES DIPLADENIAS (GR.B),14:50,1790520600000,VOLTE,2800,3,MATCHLESS SPEED,F,4,P. BUHIGNE,C. BUHIGNE,FERRE,2800,0,12820.0,Da0a1a4aDaDa(25)Da1a(24),,,0.11487247539096734,0.02682758132304393,0,0,0,,7.4,0.2,5,0.19480519,0.0,2,1,2
2026-09-27,12,7,CHOLET,PRIX DES DIPLADENIAS (GR.B),14:50,1790520600000,VOLTE,2800,4,MAYO DES FLOTS,F,4,A. GUARATO,O. RAFFIN,D4,2800,0,13340.0,7mDm8aDm4m8a3m4a3aDa,,,0.1317040600971626,0.028426732700005897,0,0,0,,8.2,0.25,4,0.23873875,,0,0,1
2026-09-27,12,7,CHOLET,PRIX DES DIPLADENIAS (GR.B),14:50,1790520600000,VOLTE,2800,5,MALINE DE JED,F,4,K. DAVID,JEROME DAVID,FERRE,2825,25,21200.0,Da7a8a7aDa5aDa5aAa2a,,,0.027391168849135828,0.005596272912240925,0,0,0,,8.8,0.04,25,0.14785992,,0,0,0
2026-09-27,12,7,CHOLET,PRIX DES DIPLADENIAS (GR.B),14:50,1790520600000,VOLTE,2800,6,MISS DAM LORRAINE,F,4,N. PICARD,K. LEBLANC,D4,2825,25,22640.0,3a3a2a2aDa(25)8a4aDa1a,,,0.2300989722446997,0.07810473605660043,0,0,0,73400.0,4.2,1.0,3,0.13186814,0.0,1,0,0
2026-09-27,12,7,CHOLET,PRIX DES DIPLADENIAS (GR.B),14:50,1790520600000,VOLTE,2800,7,MARQUIS BOURBON,M,4,S. GOHIER,Olivier TOUVAIS,DP,2825,25,25015.0,7a2a1a3aDa4a1a(25)2a,,,0.21730166629659856,0.07191524923208827,0,0,0,,4.8,0.0,3,0.16883117,,0,0,0
2026-09-27,12,7,CHOLET,PRIX DES DIPLADENIAS (GR.B),14:50,1790520600000,VOLTE,2800,8,MURCIELAGO MIJO,F,4,R. VILAULT,CH. MOTTIER,FERRE,2825,25,26060.0,4a1aDa1aDaDa(25)7a1aDa,,,0.12338963432099147,0.03883803336583299,0,0,0,,5.6,0.2857143,7,0.18072289,,0,0,0
2026-09-27,12,7,CHOLET,PRIX DES DIPLADENIAS (GR.B),14:50,1790520600000,VOLTE,2800,9,MARCEL SEVEN,H,4,LEO BLAVETTE,N. BAZIRE,D4,2825,25,26135.0,3a7aDaDa4aDaDaDa1a6a,,,0.2058324349892431,0.05972822805388225,0,0,0,,7.2,0.0,9,0.125,0.5,2,0,0
2026-09-27,12,7,CHOLET,PRIX DES DIPLADENIAS (GR.B),14:50,1790520600000,VOLTE,2800,10,MY HOPE,H,4,P. VENTURA,A. HUREAU,FERRE,2825,25,27465.0,3a2aDa1a2a1a5aDa2a,,,0.17814679207536513,0.04785850789430657,0,0,0,,3.8,0.42857143,7,0.17117117,0.0,1,0,0
2026-09-27,12,7,CHOLET,PRIX DES DIPLADENIAS (GR.B),14:50,1790520600000,VOLTE,2800,11,MAX MESLOIS,H,4,E. CIVE,P. BELLOCHE,D4,2825,25,27642.0,2a4a5a3a3aDm4a2aDaDa,,,0.16817184827178022,0.049118804395741573,0,0,0,,3.4,0.0,4,0.109947644,0.16666667,6,0,1
2026-09-27,12,7,CHOLET,PRIX DES DIPLADENIAS (GR.B),14:50,1790520600000,VOLTE,2800,12,MUST GO FAST,H,4,A. MALLET,G. HOUEL,PA_DP,2825,25,27715.0,0a6a2a1a2a6a6a6a8a(25),,,0.12971477628137595,0.03263832906303379,0,0,0,,4.2,0.0,4,0.21551724,,0,0,0
2026-09-27,12,8,CHOLET,PRIX PEPINIERE CHAUVIRE,15:20,1790522400000,VOLTE,2800,1,JALOUISIA GIRL,F,7,G. LENAIN,M. DABOUIS,D4,2800,0,67075.0,4a0a0a7a8a7a0a6a1a5a,,,0.04100450139217354,0.009239229327322547,0,0,0,,7.8,0.11111111,27,0.22302158,,0,0,3
2026-09-27,12,8,CHOLET,PRIX PEPINIERE CHAUVIRE,15:20,1790522400000,VOLTE,2800,2,KARLIE MALCO,F,6,LEO ABRIVARD,M. DABOUIS,DA,2800,0,68290.0,8aDa4a7a0a8aDa0a8a0a,,,0.044742774735314024,0.010242748950776454,0,0,0,,8.0,0.25,4,0.2024185,,0,1,1
2026-09-27,12,8,CHOLET,PRIX PEPINIERE CHAUVIRE,15:20,1790522400000,VOLTE,2800,3,KERIDO D'ALOUETTE,H,6,A.A. CHAVATTE,A. CHAVATTE,FERRE,2800,0,68910.0,Da6aDaDa8a(25)Da1a9aDa,,,0.04579916561146338,0.011898175264213441,0,0,0,72400.0,9.4,0.2,5,0.39008042,0.41666666,12,0,1
2026-09-27,12,8,CHOLET,PRIX PEPINIERE CHAUVIRE,15:20,1790522400000,VOLTE,2800,4,KHEOPS CASTELETS,H,6,A. GUARATO,S. GUARATO,PA_DP,2800,0,70790.0,5a8a2a(25)9a6a3aAa2aDa,,,0.16498402219734856,0.03486748215841467,0,0,0,,6.0,0.5714286,7,0.23766816,0.0,2,0,0
2026-09-27,12,8,CHOLET,PRIX PEPINIERE CHAUVIRE,15:20,1790522400000,VOLTE,2800,5,KANGAE DE GUEZ,F,6,TH. RAFFIN,Théo RADOUX,D4,2800,0,75345.0,4a3aDa1aDm1mAaDaDa5a,,,0.13672789169949665,0.033682430157551374,0,0,0,,6.0,0.3125,16,0.20967741,,0,0,1
2026-09-27,12,8,CHOLET,PRIX PEPINIERE CHAUVIRE,15:20,1790522400000,VOLTE,2800,6,KOOPER,H,6,M. BEZIER,M. BEZIER,PA_DP,2800,0,75980.0,5a4a1a3a9a8a8a(25)6a6a,,,0.11819032819951387,0.021866899459337234,0,0,0,,4.4,0.25,12,0.19677997,0.13333334,15,0,0
2026-09-27,12,8,CHOLET,PRIX PEPINIERE CHAUVIRE,15:20,1790522400000,VOLTE,2800,7,KAPEO,H,6,O. RAFFIN,O. RAFFIN,D4,2800,0,76340.0,8a3a8a3a2a3a1a1a(25)2a,,,0.21175827503101577,0.07072380773177918,0,0,0,,4.8,0.75,8,0.23665048,1.0,5,1,1
2026-09-27,12,8,CHOLET,PRIX PEPINIERE CHAUVIRE,15:20,1790522400000,VOLTE,2800,8,JACK SPARROW GEPE,H,7,Mlle NOEMIE HARDY,S. HARDY,PA,2800,0,76435.0,0a0aDa8a3a8a7a0a8a7a,,,0.030928319144764987,0.005091041946078801,0,0,0,0.0,8.4,0.33333334,3,0.08108108,0.25,8,0,0
2026-09-27,12,8,CHOLET,PRIX PEPINIERE CHAUVIRE,15:20,1790522400000,VOLTE,2800,9,INDIRISS,H,8,A. REBECHE,M. DABOUIS,D4,2800,0,78365.0,8a8a6aDa9a9aDa3a0a0a,,,0.05577830929086813,0.011341269290934841,0,0,0,,8.4,0.19565217,46,0.20953576,,0,0,5
2026-09-27,12,8,CHOLET,PRIX PEPINIERE CHAUVIRE,15:20,1790522400000,VOLTE,2800,10,JOLIE TEJY,F,7,CH. CHALON,CH. CHALON,FERRE,2800,0,78685.0,9a5a7a2a3a5a1a7aDa6a,,,0.019613170652296553,0.003879539676970772,0,0,0,,5.2,0.15,20,0.19363396,0.1764706,17,1,1
2026-09-27,12,8,CHOLET,PRIX PEPINIERE CHAUVIRE,15:20,1790522400000,VOLTE,2800,11,KING SUN DRALIAM,H,6,M. HELBERT,M. HELBERT,FERRE,2800,0,78715.0,4a7aDaDaDa3aDa8a7a2a,,,0.027255356858430325,0.004480395906684205,0,0,0,,8.8,0.2,15,0.12676056,0.0,3,1,1
2026-09-27,12,8,CHOLET,PRIX PEPINIERE CHAUVIRE,15:20,1790522400000,VOLTE,2800,12,IBRAHISCO,H,8,Y.R. LE MEE,Y.R. LE MEE,FERRE,2825,25,109925.0,0a7a0a3a7a9aDa4a3a5a,,,0.018151898872021923,0.0029275389659468957,0,0,0,73200.0,7.4,0.1904762,21,0.119760476,0.17142858,35,0,0
2026-09-27,12,8,CHOLET,PRIX PEPINIERE CHAUVIRE,15:20,1790522400000,VOLTE,2800,13,KART HAUFOR,H,6,G. GANNE,CH. BIGEON,FERRE,2825,25,123195.0,1a2a1a2a(25)1a1a0a0a7a,,,0.013731592232205074,0.007749777205280097,0,0,0,72500.0,1.4,0.25,8,0.0,0.0,2,0,0
2026-09-27,12,8,CHOLET,PRIX PEPINIERE CHAUVIRE,15:20,1790522400000,VOLTE,2800,14,KARLA JALLERIE,F,6,J. BALU,M. LECOURT,PA_DP,2825,25,125175.0,DaDa3a1a1a2a1a2a6aDa,,,0.21095204271872103,0.07275508168800576,0,0,0,,5.4,0.375,8,0.23846154,0.42857143,14,0,0
2026-09-27,12,8,CHOLET,PRIX PEPINIERE CHAUVIRE,15:20,1790522400000,VOLTE,2800,15,IPSOS DE BANVILLE,H,8,M. MAIGNAN,J.P. PITON,FERRE,2825,25,143415.0,0a5a9a4a4a9a6a5a(25)8a,,,0.014157722234724585,0.004985417995434758,0,0,0,73300.0,6.4,0.35416666,48,0.2,,0,2,5
2026-09-27,12,8,CHOLET,PRIX PEPINIERE CHAUVIRE,15:20,1790522400000,VOLTE,2800,16,KANCALAIS,M,6,CL. FRECELLE,CH.A. MARY,D4,2825,25,146570.0,0a2a3a1a2a8a2a2a6aDa,,,0.3416522980710314,0.16242048052269778,0,0,0,72000.0,3.6,1.0,1,0.26504064,,0,1,1
2026-09-27,12,8,CHOLET,PRIX PEPINIERE CHAUVIRE,15:20,1790522400000,VOLTE,2800,17,JACKSON BOY,H,7,Y. DREUX,Y. DREUX,FERRE,2825,25,149400.0,1a4aDa(25)Da5a1a2a1a2a,,,0.033987614237542506,0.012480249347653077,0,0,0,71500.0,6.4,0.18181819,11,0.2433155,0.36363637,22,1,1
2026-09-27,12,8,CHOLET,PRIX PEPINIERE CHAUVIRE,15:20,1790522400000,VOLTE,2800,18,KHARNAS,H,6,N. MEREL,Sté. Ent. Grégory THOREL,FERRE,2825,25,152170.0,9a0aDa7a3a0a4a1a0a3a,,,0.05811328839004424,0.01860995734817934,0,0,0,,8.0,0.22222222,9,0.14285715,,0,0,0
2026-09-27,12,9,CHOLET,PRIX CHARPENTE ONILLON,15:50,1790524200000,VOLTE,2800,1,KONFINEE A BAZOCHE,F,6,C. BATY,D. DUTHEIL,FERRE,2800,0,23385.0,7a9a0aDa0a0a7a8a5a(25),,,0.02240854292495238,0.005596272912240925,0,0,0,75100.0,9.4,,0,0.3231441,,0,0,0
2026-09-27,12,9,CHOLET,PRIX CHARPENTE ONILLON,15:50,1790524200000,VOLTE,2800,2,KING OF CHARM,H,6,L. PEJUS,L. VOLLET,PA_DP,2800,0,25710.0,2a7aDa8a7a0a(25)9a9a0a,,,0.18496664241055139,0.057644270408982255,0,0,0,75800.0,7.0,0.0,1,0.33846155,,0,0,1
2026-09-27,12,9,CHOLET,PRIX CHARPENTE ONILLON,15:50,1790524200000,VOLTE,2800,3,J'ARRIVE WELL,H,7,M. BELLANGER,Maxime BELLANGER,D4,2800,0,26460.0,8a0a0a4a0a0a0aDa(25)8a,,,0.04092529860264663,0.008439428288429042,0,0,0,,8.4,0.0,8,0.055555556,0.0,2,0,0
2026-09-27,12,9,CHOLET,PRIX CHARPENTE ONILLON,15:50,1790524200000,VOLTE,2800,4,KERBEROS,H,6,B. DAVID,W. DAVID,DA,2800,0,26645.0,4a6a0a9a9a6a2aDa3a9a,,,0.04397238239981199,0.004480395906684205,0,0,0,,7.6,0.0,1,0.0,0.0,1,0,0
2026-09-27,12,9,CHOLET,PRIX CHARPENTE ONILLON,15:50,1790524200000,VOLTE,2800,5,KOLANTA DU LOISIR,F,6,D. POUVRASSEAU,J.J. BEAUSSE,D4,2800,0,30250.0,Da4aDa9aDa0aDaDa(25)0a,,,0.11316303989345862,0.033682430157551374,0,0,0,76100.0,9.2,0.14285715,7,0.125,,0,0,2
2026-09-27,12,9,CHOLET,PRIX CHARPENTE ONILLON,15:50,1790524200000,VOLTE,2800,6,JAZZMAN ERDE,H,7,D. RABILLER,B. GRONDIN,PA,2800,0,30710.0,3a5a6aDa3a3aDa8aDa(25),,,0.037362599044423545,0.007494735147699382,0,0,0,,5.6,0.0,2,0.15384616,0.33333334,3,0,2
2026-09-27,12,9,CHOLET,PRIX CHARPENTE ONILLON,15:50,1790524200000,VOLTE,2800,7,IMPOLOKO,H,8,L.J. MARTIN,L.J. MARTIN,D4,2800,0,32675.0,6a6a5a4a0a5a8a7a6a9a,,,0.04779432035194092,0.01278862070085146,1,0,0,,6.2,,0,0.06896552,0.0,5,0,1
2026-09-27,12,9,CHOLET,PRIX CHARPENTE ONILLON,15:50,1790524200000,VOLTE,2800,8,IMPERIAL ROMAIN,H,8,Mme L. ALUS,S. ALUS,FERRE,2800,0,32730.0,3a0a0a0a7a3aDa0a6a0a,,,0.011148044381970784,0.0,0,0,0,,8.0,0.06666667,15,0.0,0.0,5,0,1
2026-09-27,12,9,CHOLET,PRIX CHARPENTE ONILLON,15:50,1790524200000,VOLTE,2800,9,KADOR DE SEVRE,H,6,F. TOUCHARD,D. DUTHEIL,FERRE,2825,25,37285.0,Da0a6aDa7aDm5mAaDaDa,,,0.039386490676045584,0.010991226516649645,0,0,0,,9.0,0.36363637,11,0.21008404,,0,0,1
2026-09-27,12,9,CHOLET,PRIX CHARPENTE ONILLON,15:50,1790524200000,VOLTE,2800,10,ILEA D'IRATY,F,8,L. VOLLET,L. VOLLET,D4,2825,25,54125.0,7aDm5a5a5a9a0m1a0aDa,,,0.09505113809823935,0.021800995610401584,0,0,0,75100.0,6.6,0.071428575,14,0.26666668,,0,0,1
2026-09-27,12,9,CHOLET,PRIX CHARPENTE ONILLON,15:50,1790524200000,VOLTE,2800,11,JERRY DE BELLANDE,H,7,CH. DIGER,ALEXANDRE CHEVRIER,D4,2825,25,55475.0,9a5a2aDa6a2a1a3a9a4a,,,0.23188744106004844,0.0677187573969406,0,0,0,74200.0,6.6,0.3846154,13,0.2,0.33333334,3,0,0
2026-09-27,12,9,CHOLET,PRIX CHARPENTE ONILLON,15:50,1790524200000,VOLTE,2800,12,HARRY ATOUT,H,9,H. JOUAULT,Mme CL. DESMONTILS,FERRE,2825,25,56590.0,0aDaDa4a(25)DaDm0a0a(24),,,0.09807796524387358,0.031197814474714074,0,0,0,,9.4,0.0,3,0.27102804,0.5,6,0,0
2026-09-27,12,9,CHOLET,PRIX CHARPENTE ONILLON,15:50,1790524200000,VOLTE,2800,13,IF DE QUERAY,H,8,M. PRAT,A. DEMISSY,D4,2825,25,58910.0,9a9a1a8a0a8m3m4a9a0a,,,0.13520220874402694,0.05698725622891909,0,0,0,,7.4,0.44444445,9,0.39166668,0.44444445,9,0,0
2026-09-27,12,9,CHOLET,PRIX CHARPENTE ONILLON,15:50,1790524200000,VOLTE,2800,14,HEROIQUE LANCELOT,H,9,S. ROCHER,S. BESNARD,D4,2825,25,61020.0,7a2a8a4a7a7a4a4a3a6a,,,0.11927408496935638,0.035151509386619643,0,0,0,,5.6,0.0,2,0.18421052,,0,0,0
2026-09-27,12,9,CHOLET,PRIX CHARPENTE ONILLON,15:50,1790524200000,VOLTE,2800,15,JASMIN DU PERRE,H,7,V. MARC-MARTIN,J. BRUNEAU,D4,2825,25,61675.0,7a6a8a7a2a0a2a4a0a1a,,,0.2693854737291395,0.11814456609523015,0,0,0,,6.0,0.3888889,18,0.6,0.6,10,0,0
2026-09-27,12,9,CHOLET,PRIX CHARPENTE ONILLON,15:50,1790524200000,VOLTE,2800,16,KEN DE CORDAY,H,6,JULIEN RENAULT,D.M. RENAULT,D4,2825,25,62685.0,6a7a4a2a0aAaDa7aDa2a,,,0.34287720823441314,0.15565033558718486,0,0,0,74300.0,5.8,0.29411766,17,0.30985916,,0,0,0
2026-09-27,13,7,NANCY-BRABOIS,PRIX DE LA FONTAINE WALLACE,14:30,1790519400000,VOLTE,2600,1,NANOUCHKA D'ESCRIT,F,3,A. RANDON,A. RANDON,FERRE,2600,0,0.0,GaDa8aDa,,,0.12528019352767852,0.025566844080417376,0,0,0,,10.25,0.0,2,0.19518073,0.0,1,0,0
2026-09-27,13,7,NANCY-BRABOIS,PRIX DE LA FONTAINE WALLACE,14:30,1790519400000,VOLTE,2600,2,NARCOS SANTIGNY,M,3,M. BOUCHEZ,M. BOUCHEZ,FERRE,2600,0,0.0,DmDaDa,,,0.036744714474907195,0.009442947911882948,0,0,0,,11.0,0.0,1,0.066176474,,0,0,0
2026-09-27,13,7,NANCY-BRABOIS,PRIX DE LA FONTAINE WALLACE,14:30,1790519400000,VOLTE,2600,3,NEFERTITI AWAGNE,F,3,CH. SYBERS,Guy X. NICOLAS,FERRE,2600,0,0.0,0a,,,0.04145125564988152,0.008611385717881913,0,0,0,,10.0,,0,0.0,,0,0,0
2026-09-27,13,7,NANCY-BRABOIS,PRIX DE LA FONTAINE WALLACE,14:30,1790519400000,VOLTE,2600,4,NELE VILLAGIO,F,3,PH. MASSCHAELE,K. GOETHALS,FERRE,2600,0,0.0,Da,,,0.07753383698508724,0.013283085001743333,0,0,0,,11.0,,0,0.1424979,,0,0,0
2026-09-27,13,7,NANCY-BRABOIS,PRIX DE LA FONTAINE WALLACE,14:30,1790519400000,VOLTE,2600,5,NIRVANA D'ARRY,H,3,D. BROHIER,D. BROHIER,FERRE,2600,0,125.0,7a,,,0.23080139466568136,0.049118804395741573,0,0,0,,7.0,,0,0.22848201,,0,0,0
2026-09-27,13,7,NANCY-BRABOIS,PRIX DE LA FONTAINE WALLACE,14:30,1790519400000,VOLTE,2600,6,NO LIMIT D'AIRZA,M,3,J.CH. PITON,J.CH. PITON,FERRE,2600,0,150.0,DaDa7a,,,0.057179090476424006,0.010991226516649645,0,0,0,83900.0,9.666667,,0,0.15792474,,0,0,0
2026-09-27,13,7,NANCY-BRABOIS,PRIX DE LA FONTAINE WALLACE,14:30,1790519400000,VOLTE,2600,7,NUIT DU DER,F,3,DAVID LEFEVRE,DAVID LEFEVRE,FERRE,2600,0,260.0,Da6a,,2.1,0.141478052987299,0.02316112386360271,0,0,0,,8.5,,0,0.13630041,,0,0,0
2026-09-27,13,7,NANCY-BRABOIS,PRIX DE LA FONTAINE WALLACE,14:30,1790519400000,VOLTE,2600,8,NANTES,F,3,R. DERIEUX,R. DERIEUX,FERRE,2600,0,825.0,5a,1.1,1.4,0.5821714993426204,0.3077754009443877,0,0,0,,5.0,0.0,1,0.4398148,0.0,1,0,0
2026-09-27,13,7,NANCY-BRABOIS,PRIX DE LA FONTAINE WALLACE,14:30,1790519400000,VOLTE,2600,9,NAUSICAA JIEL,F,3,CH. PLANCHAIS,J.L. DERSOIR,FERRE,2600,0,1330.0,Dm6aDa5a6aDm(25)Da,,,0.2593117801232194,0.05326620331576565,0,0,0,,7.8,0.0,5,0.15789473,0.0,2,0,1
2026-09-27,13,8,NANCY-BRABOIS,PRIX TONY M.,15:00,1790521200000,VOLTE,2600,1,MALIBU DES VENTS,H,4,J.CH. PITON,Fabio PASQUALIN,FERRE,2600,0,0.0,,,,0.09363830394604879,0.01939101156492461,0,0,0,,,,0,0.15783475,,0,0,0
2026-09-27,13,8,NANCY-BRABOIS,PRIX TONY M.,15:00,1790521200000,VOLTE,2600,2,MURATO,M,4,R. DERIEUX,R. DERIEUX,FERRE,2600,0,0.0,,,,0.5579835414731744,0.3341276109705109,0,0,0,,,,0,0.4396113,,0,0,0
2026-09-27,13,8,NANCY-BRABOIS,PRIX TONY M.,15:00,1790521200000,VOLTE,2600,3,MELISSIMO,H,4,A. RANDON,A. RANDON,FERRE,2600,0,0.0,DaDaDa,,,0.17993487870927172,0.041669736238671366,0,0,0,,11.0,0.0,2,0.19471154,0.0,2,0,0
2026-09-27,13,8,NANCY-BRABOIS,PRIX TONY M.,15:00,1790521200000,VOLTE,2600,4,MON AS SYLION,H,4,M. BOUCHEZ,M. BOUCHEZ,FERRE,2600,0,265.0,7a0a(25)7a8a8aDa,,,0.04779432035194092,0.003879539676970772,0,0,0,79400.0,8.0,0.0,3,0.06593407,0.0,2,0,1
2026-09-27,13,8,NANCY-BRABOIS,PRIX TONY M.,15:00,1790521200000,VOLTE,2600,5,MISS KRAAILO,F,4,PH. MASSCHAELE,K. GOETHALS,FERRE,2600,0,937.0,7a4a6a5a6aDa3a6a5a(25),,,0.12328049134725882,0.01577587361997818,0,0,0,,5.6,,0,0.14237855,,0,0,0
2026-09-27,13,8,NANCY-BRABOIS,PRIX TONY M.,15:00,1790521200000,VOLTE,2600,6,MYRTILLE DE L'EST,F,4,DAVID LEFEVRE,B. BARBIER,D4,2600,0,1745.0,7a5a8aDaDa7a(25)7aDa6a,,1.1,0.16857413758633488,0.041710756810319154,0,0,0,,8.4,0.0,1,0.13611111,,0,0,2
2026-09-27,13,8,NANCY-BRABOIS,PRIX TONY M.,15:00,1790521200000,VOLTE,2600,7,MEDOC,H,4,F. OUVRIE,G. LAUREYS,D4,2600,0,3817.0,Da2a4a6a8a(25)0a4a,,,0.4904541198752703,0.22503039034249586,1,0,0,77100.0,6.2,,0,0.244375,,0,0,0
2026-09-27,13,8,NANCY-BRABOIS,PRIX TONY M.,15:00,1790521200000,VOLTE,2600,8,MAESTRO DU VAL,H,4,ANDREA ROUSSEL,L. VERVA,FERRE,2600,0,6450.0,Da6a4aDa6a7a4a8a7a6a,,,0.25190160919827753,0.04682880407888049,0,0,0,77200.0,7.6,0.0,5,0.22056074,,0,0,1
2026-09-27,13,8,NANCY-BRABOIS,PRIX TONY M.,15:00,1790521200000,VOLTE,2600,9,MYRTILLE DES ECUS,F,4,D. BROHIER,L. VERVA,FERRE,2600,0,6480.0,Da4a4a6a(25)8m8a3m5a7a,,,0.26364453381354996,0.03860381491519166,0,0,0,78300.0,6.6,0.0,4,0.228125,,0,0,0
2026-09-27,13,9,NANCY-BRABOIS,PRIX DU MUSEE DES BEAUX-ARTS (GR.A),15:30,1790523000000,VOLTE,2600,1,LORENZO DE BRUCOM,M,5,S. FERRARA,G. LAUREYS,FERRE,2600,0,5228.0,0a0a2a2a4a2aDa2a3a2a,,3.4,0.05465464686046201,0.01641934245389892,0,0,0,,5.6,0.0,4,0.06944445,,0,0,0
2026-09-27,13,9,NANCY-BRABOIS,PRIX DU MUSEE DES BEAUX-ARTS (GR.A),15:30,1790523000000,VOLTE,2600,2,LISA DE BERGAULT,F,5,G. LUPI,Gregg LUPI,D4,2600,0,14895.0,9a(25)9a4aDaDa7aDa1a6a,,3.4,0.07684486947602594,0.018419811859367616,0,0,0,,8.8,0.0,2,0.1,,0,0,0
2026-09-27,13,9,NANCY-BRABOIS,PRIX DU MUSEE DES BEAUX-ARTS (GR.A),15:30,1790523000000,VOLTE,2600,3,LOUSTIC DU MIDI,H,5,J. MELIS MACIAS,Mme G. MASSCHAELE,D4,2600,0,17760.0,Dm8a6a5a8a7a8a(25)DaDa,,,0.12702937768010883,0.03254328644398691,0,0,0,,7.6,0.0,7,0.21646342,,0,0,1
2026-09-27,13,9,NANCY-BRABOIS,PRIX DU MUSEE DES BEAUX-ARTS (GR.A),15:30,1790523000000,VOLTE,2600,4,LIBERTA BEJI,F,5,A. RANDON,E. DEVENNE,PA_DP,2600,0,20925.0,5a7aDa8a3aAa(25)0m6a5a,,,0.15504863875703923,0.029650611140216648,0,0,0,,6.8,0.0,1,0.19424461,,0,0,2
2026-09-27,13,9,NANCY-BRABOIS,PRIX DU MUSEE DES BEAUX-ARTS (GR.A),15:30,1790523000000,VOLTE,2600,5,LYFISANO,H,5,E. DEVENNE,E. DEVENNE,D4,2600,0,21800.0,DaDaDa2a6a2a8aDaDaDa,,3.4,0.14204179380813362,0.030061522483289155,0,0,0,,8.2,0.0,1,0.125,0.09090909,11,0,1
2026-09-27,13,9,NANCY-BRABOIS,PRIX DU MUSEE DES BEAUX-ARTS (GR.A),15:30,1790523000000,VOLTE,2600,6,LOLA RONVILLAIS,F,5,J.CH. PITON,A. LANNOO,FERRE,2600,0,22568.0,7aDa0a4a0aDa(25)Da9a7a,,,0.13192074915692817,0.025700787684107624,0,0,0,,8.4,0.27272728,11,0.15774487,,0,0,0
2026-09-27,13,9,NANCY-BRABOIS,PRIX DU MUSEE DES BEAUX-ARTS (GR.A),15:30,1790523000000,VOLTE,2600,7,LOLITA CLUB,F,5,D. BROHIER,K. HAWAS,FERRE,2600,0,23005.0,4a2aDa0aDa6a4aDaAa(25),,3.4,0.16797621676069388,0.041004155369330574,0,0,0,,7.6,0.3,10,0.2277691,,0,0,1
2026-09-27,13,9,NANCY-BRABOIS,PRIX DU MUSEE DES BEAUX-ARTS (GR.A),15:30,1790523000000,VOLTE,2600,8,LOUNA FIX,F,5,F. OUVRIE,Pavel TAMSIN,DA,2600,0,24786.0,1a2a1a2a9a5a1a2a3a2a,,,0.2737197177456514,0.11656738702742418,0,0,0,75600.0,3.0,0.0,1,0.2443241,,0,0,0
2026-09-27,13,9,NANCY-BRABOIS,PRIX DU MUSEE DES BEAUX-ARTS (GR.A),15:30,1790523000000,VOLTE,2600,9,LUBERON,H,5,DAVID LEFEVRE,J. LESNE,D4,2600,0,25960.0,6a4a7aDa6a8a0aDa(25)1a,,,0.23140122874298563,0.06077635738440825,0,0,0,,6.8,0.16666667,6,0.13592233,0.2857143,7,0,0
2026-09-27,13,9,NANCY-BRABOIS,PRIX DU MUSEE DES BEAUX-ARTS (GR.A),15:30,1790523000000,VOLTE,2600,10,LAURA D'OSTENDE,F,5,R. DERIEUX,A. LANNOO,DP,2600,0,26345.0,9a5a2a4a(25)0a2a8a8a2a,,,0.4277046462958471,0.13413016661751567,0,0,0,75100.0,6.0,0.25,8,0.43940794,,0,0,0
2026-09-27,13,9,NANCY-BRABOIS,PRIX DU MUSEE DES BEAUX-ARTS (GR.A),15:30,1790523000000,VOLTE,2600,11,LOVE YOU DADDY,H,5,ANDREA ROUSSEL,L. VERVA,D4,2600,0,26775.0,DaDa8a7a9aDa1a4a5a(25),,,0.27098808568044713,0.11556162631087967,1,0,0,,9.2,,0,0.22014925,,0,0,0
2026-09-27,13,9,NANCY-BRABOIS,PRIX DU MUSEE DES BEAUX-ARTS (GR.A),15:30,1790523000000,VOLTE,2600,12,LOVER DES BROUSSES,M,5,PH. MASSCHAELE,Mme G. MASSCHAELE,D4,2600,0,27530.0,DaDa0aDaDa3a5a5aDaDa,,,0.2348800259822481,0.08766139457174095,0,0,0,,10.8,0.5,2,0.14225942,,0,0,0
2026-09-27,13,10,NANCY-BRABOIS,PRIX CLUB DES SENIORS VILLE DE TOUL. (GR.B),16:00,1790524800000,VOLTE,2600,1,LIBERTY BLUE,F,5,PH. MASSCHAELE,P. GODEY,D4,2600,0,8360.0,DaDaDaDmDm7mDa(25)DaDa,,,0.060216191082808956,0.02184512507363064,1,0,0,,11.0,,0,0.14214046,0.0,1,0,3
2026-09-27,13,10,NANCY-BRABOIS,PRIX CLUB DES SENIORS VILLE DE TOUL. (GR.B),16:00,1790524800000,VOLTE,2600,2,LIVE MY DREAM,M,5,B. BARBIER,B. BARBIER,FERRE,2600,0,17370.0,DaDa(25)Dm8a8a0a0aDaDa,,,0.014027709761636165,0.0023765747786190718,0,0,0,,9.8,0.3,10,0.0,,0,0,0
2026-09-27,13,10,NANCY-BRABOIS,PRIX CLUB DES SENIORS VILLE DE TOUL. (GR.B),16:00,1790524800000,VOLTE,2600,3,LYAM DE JOUDES,H,5,DAVID LEFEVRE,A. WISSOCQ,PA,2600,0,19325.0,9aDaDa7aDaDa4aDa2a7a,,,0.09139300924644968,0.018995629730716748,0,0,0,,9.8,,0,0.13573407,,0,0,0
2026-09-27,13,10,NANCY-BRABOIS,PRIX CLUB DES SENIORS VILLE DE TOUL. (GR.B),16:00,1790524800000,VOLTE,2600,4,LITTLE EVA,F,5,J. MELIS MACIAS,J. WESTHOLM,DP,2600,0,21051.0,4aDa0a3a1a2a4a2a4a4a,,,0.24180329776695741,0.06945689661897601,0,1,0,76800.0,5.8,,0,0.21580547,,0,0,0
2026-09-27,13,10,NANCY-BRABOIS,PRIX CLUB DES SENIORS VILLE DE TOUL. (GR.B),16:00,1790524800000,VOLTE,2600,5,LEPTON,H,5,R. DERIEUX,R. DERIEUX,D4,2600,0,22150.0,DaDa1a9a0aDa5aDa(25)Da,,1.1,0.4832823976605378,0.3122254580283841,0,0,0,,8.4,0.14285715,7,0.4392048,0.125,8,0,0
2026-09-27,13,10,NANCY-BRABOIS,PRIX CLUB DES SENIORS VILLE DE TOUL. (GR.B),16:00,1790524800000,VOLTE,2600,6,LOVERMAN D'HERTALS,H,5,S. FERRARA,M. AERTS,FERRE,2600,0,22865.0,3a8aDa9aDa3a6a6a2a9a,,,0.022915436710167197,0.001998001998001998,0,0,0,,8.4,0.0,3,0.06849315,,0,1,1
2026-09-27,13,10,NANCY-BRABOIS,PRIX CLUB DES SENIORS VILLE DE TOUL. (GR.B),16:00,1790524800000,VOLTE,2600,7,LADY DU MIREL,F,5,J.CH. PITON,Mme Suzanne VACHET,FERRE,2600,0,23205.0,0a2a0a8a7a3a6aDa(25)6a,,,0.13167999580095482,0.02312763670196379,0,0,0,,7.4,0.16666667,12,0.15765509,0.0,1,0,0
2026-09-27,13,10,NANCY-BRABOIS,PRIX CLUB DES SENIORS VILLE DE TOUL. (GR.B),16:00,1790524800000,VOLTE,2600,8,LADY DE JOUDES,F,5,A. LAURENT,A. LAURENT,FERRE,2600,0,24830.0,Da2a5a9aDa1aDa3a(25)Da,,,0.24146861713401377,0.08480869608289336,0,0,0,77100.0,7.6,0.33333334,3,0.32413793,0.5,4,2,2
2026-09-27,13,10,NANCY-BRABOIS,PRIX CLUB DES SENIORS VILLE DE TOUL. (GR.B),16:00,1790524800000,VOLTE,2600,9,LIO DU MESNIL,F,5,D. BROHIER,D. BROHIER,FERRE,2600,0,26045.0,4a9aDa7a7a(25)2a8a5a7a,,,0.14227016912285317,0.028594163465335064,0,0,0,,7.6,0.22222222,9,0.22741432,0.27272728,11,0,2
2026-09-27,13,10,NANCY-BRABOIS,PRIX CLUB DES SENIORS VILLE DE TOUL. (GR.B),16:00,1790524800000,VOLTE,2600,10,LOFTIE,F,5,F. OUVRIE,L.G. DENIS,D4,2600,0,26765.0,0a1a4a4a5a9aDa(25)4a1a,,,0.35786713709482054,0.1425103400419521,1,0,0,74800.0,4.8,,0,0.24427322,,0,0,0
2026-09-27,13,10,NANCY-BRABOIS,PRIX CLUB DES SENIORS VILLE DE TOUL. (GR.B),16:00,1790524800000,VOLTE,2600,11,LANANA D'ESCRIT,F,5,A. RANDON,A. RANDON,FERRE,2600,0,27300.0,Da4aDaDaDa5aDa6a5aDa,,,0.1717225164590914,0.05368015322096791,0,0,0,,9.6,0.14285715,7,0.1937799,0.16666667,6,0,1
2026-09-27,13,10,NANCY-BRABOIS,PRIX CLUB DES SENIORS VILLE DE TOUL. (GR.B),16:00,1790524800000,VOLTE,2600,12,LOZANA HOLLANDIA,F,5,ANDREA ROUSSEL,Alain ROUSSEL,DP,2600,0,27620.0,4aDaDaDa1a1a0a(25)Da5a,,,0.22870700747852646,0.06477041990839698,0,0,0,,7.6,0.25,4,0.21973929,0.0,4,1,1
2026-09-27,14,1,SAINT MALO,PRIX LANDIVISIAU-PLOUESCAT (GR A),12:40,1790512800000,VOLTE,2950,1,NALA DE VAU,F,3,CH. DREUX,Ch. DREUX,FERRE,2950,0,0.0,,1.1,1.2,0.1421283708894653,0.04000284823880867,0,0,0,,,,0,0.20292887,,0,0,0
2026-09-27,14,1,SAINT MALO,PRIX LANDIVISIAU-PLOUESCAT (GR A),12:40,1790512800000,VOLTE,2950,2,NEWTON RENARDIERE,H,3,F. DELANOE,F. DELANOE,FERRE,2950,0,0.0,,,,0.08812268358228016,0.019316949613011832,0,0,0,,,,0,0.1423611,,0,0,0
2026-09-27,14,1,SAINT MALO,PRIX LANDIVISIAU-PLOUESCAT (GR A),12:40,1790512800000,VOLTE,2950,3,NIXA DE LA VALLEE,F,3,S. LEMETAYER,S. LEMETAYER,FERRE,2950,0,0.0,,,,0.07387892381789468,0.014373400227517463,0,0,0,,,,0,0.11764706,,0,0,0
2026-09-27,14,1,SAINT MALO,PRIX LANDIVISIAU-PLOUESCAT (GR A),12:40,1790512800000,VOLTE,2950,4,NUIT FESTIVE,F,3,J.W. HALLAIS,J.W. HALLAIS,FERRE,2950,0,0.0,,,,0.20337207560516415,0.059239215688957486,0,0,0,,,,0,0.26501766,,0,0,0
2026-09-27,14,1,SAINT MALO,PRIX LANDIVISIAU-PLOUESCAT (GR A),12:40,1790512800000,VOLTE,2950,5,NAPOLON NUMBER,H,3,N. MARTINEAU,B. GUILLOUX,PA,2950,0,0.0,DaDmDm,,,0.06159245370907158,0.011417742313242966,0,0,0,,11.0,0.0,2,0.16494845,,0,0,0
2026-09-27,14,1,SAINT MALO,PRIX LANDIVISIAU-PLOUESCAT (GR A),12:40,1790512800000,VOLTE,2950,6,NEW TIME DU CANET,H,3,M. DAVID,M. DAVID,FERRE,2950,0,0.0,8aDa,,,0.03678642138029206,0.00647379045649547,0,0,0,,9.5,0.0,1,0.09677419,0.0,1,0,0
2026-09-27,14,1,SAINT MALO,PRIX LANDIVISIAU-PLOUESCAT (GR A),12:40,1790512800000,VOLTE,2950,7,NOMADE DU PARC,H,3,D. LIZEE,D. LIZEE,FERRE,2950,0,0.0,DaDa,,,0.03421859192292773,0.005395219313094504,0,0,0,,11.0,0.0,1,0.076612905,0.0,1,0,0
2026-09-27,14,1,SAINT MALO,PRIX LANDIVISIAU-PLOUESCAT (GR A),12:40,1790512800000,VOLTE,2950,8,NORMANDY SPIRIT,F,3,CEDRIC TERRY,Ph.J. POISSON,FERRE,2950,0,125.0,Da7a,,,0.1263342707221977,0.029704223061482987,0,0,0,,9.0,,0,0.21044177,,0,0,0
2026-09-27,14,1,SAINT MALO,PRIX LANDIVISIAU-PLOUESCAT (GR A),12:40,1790512800000,VOLTE,2950,9,NUMBER DJOB,H,3,L. KOUBICHE,M. LECOURT,FERRE,2950,0,240.0,6aDa,,,0.2956457881826867,0.08565756268435619,0,0,0,,8.5,0.0,1,0.3470437,,0,0,0
2026-09-27,14,1,SAINT MALO,PRIX LANDIVISIAU-PLOUESCAT (GR A),12:40,1790512800000,VOLTE,2950,10,NOSTRADAMUS PRIME,H,3,A. LAMY,Guillaume JOUVE,FERRE,2950,0,270.0,Da0a6a,,,0.22761768137973112,0.0776601102296721,0,0,0,,9.0,,0,0.2587161,,0,0,0
2026-09-27,14,1,SAINT MALO,PRIX LANDIVISIAU-PLOUESCAT (GR A),12:40,1790512800000,VOLTE,2950,11,NOOPY MADRIK,H,3,Mlle CL. LELIEVRE,P. LELIEVRE,P4,2950,0,280.0,7aDmDa7aDa,,3.0,0.2975270485206171,0.08831016986834878,0,0,0,,9.4,0.0,1,0.2948718,,0,0,0
2026-09-27,14,1,SAINT MALO,PRIX LANDIVISIAU-PLOUESCAT (GR A),12:40,1790512800000,VOLTE,2950,12,NATURAL FACE,F,3,ET. LEFRANC,ET. LEFRANC,PA,2950,0,600.0,5a,,,0.2133208257421645,0.06259485516032308,0,0,0,,5.0,,0,0.19324578,,0,0,0
2026-09-27,14,1,SAINT MALO,PRIX LANDIVISIAU-PLOUESCAT (GR A),12:40,1790512800000,VOLTE,2950,13,NARA,F,3,J.M. LE CERF,S. LE CERF,FERRE,2950,0,960.0,4a8aDaDa,,,0.07696584357977775,0.014353676755558162,0,0,0,,8.5,0.0,2,0.033898305,0.0,2,0,0
2026-09-27,14,1,SAINT MALO,PRIX LANDIVISIAU-PLOUESCAT (GR A),12:40,1790512800000,VOLTE,2950,14,NOZAY DU JOUAN,H,3,R. JOLY,R. JOLY,PA,2950,0,1000.0,4a,,,0.2920214534471339,0.09089980832471876,0,0,0,,4.0,,0,0.23507462,,0,0,0
2026-09-27,14,2,SAINT MALO,PX LUTTE CONTRE LE HARCELEMENT SCOLAIRE (GR B),13:10,1790514600000,VOLTE,2950,1,NAVIRAU DE HOUELLE,M,3,L. PELTIER,K. LEBLANC,FERRE,2950,0,0.0,,,,0.12517199001698368,0.033578108418626955,0,0,0,,,,0,0.17424242,,0,0,0
2026-09-27,14,2,SAINT MALO,PX LUTTE CONTRE LE HARCELEMENT SCOLAIRE (GR B),13:10,1790514600000,VOLTE,2950,2,NICE GIRL FLASH,F,3,CH. DREUX,Ch. DREUX,FERRE,2950,0,0.0,,,1.1,0.15030862799935815,0.041938622145784164,0,0,0,,,,0,0.20250522,,0,0,0
2026-09-27,14,2,SAINT MALO,PX LUTTE CONTRE LE HARCELEMENT SCOLAIRE (GR B),13:10,1790514600000,VOLTE,2950,3,NORRIS CHUCK,H,3,CEDRIC TERRY,CH.A. MARY,FERRE,2950,0,0.0,,,,0.17503125897024205,0.05457504427489759,0,0,0,,,,0,0.2103573,,0,0,0
2026-09-27,14,2,SAINT MALO,PX LUTTE CONTRE LE HARCELEMENT SCOLAIRE (GR B),13:10,1790514600000,VOLTE,2950,4,NYMPHE DU TAY,F,3,Mme CL. DESMONTILS,Mme CL. DESMONTILS,FERRE,2950,0,0.0,,,,0.21774988868044412,0.06283339659690147,0,0,0,,,,0,0.23809524,,0,0,0
2026-09-27,14,2,SAINT MALO,PX LUTTE CONTRE LE HARCELEMENT SCOLAIRE (GR B),13:10,1790514600000,VOLTE,2950,5,NARCO DRY,H,3,D. DE JESUS REIS,D. DE JESUS REIS,FERRE,2950,0,0.0,Da,,11.0,0.06534411213271894,0.010991226516649645,0,0,0,,11.0,,0,0.13846155,,0,0,0
2026-09-27,14,2,SAINT MALO,PX LUTTE CONTRE LE HARCELEMENT SCOLAIRE (GR B),13:10,1790514600000,VOLTE,2950,6,NOBLESSE DU MONT,F,3,A. ANDRE,K. LEBOUTEILLER,FERRE,2950,0,0.0,0a8a,,,0.06257882992411434,0.017239597094384104,0,0,0,,9.0,,0,0.23006956,,0,0,0
2026-09-27,14,2,SAINT MALO,PX LUTTE CONTRE LE HARCELEMENT SCOLAIRE (GR B),13:10,1790514600000,VOLTE,2950,7,NOUGAT DES HUPIS,H,3,D. LIZEE,D. LIZEE,FERRE,2950,0,120.0,Da7aDa,,,0.037832472939782126,0.006173566613287056,0,0,0,,9.666667,0.0,1,0.07630522,,0,0,0
2026-09-27,14,2,SAINT MALO,PX LUTTE CONTRE LE HARCELEMENT SCOLAIRE (GR B),13:10,1790514600000,VOLTE,2950,8,NAYA DU CHEVREL,F,3,N. MARTINEAU,Mme Pauline MALQUET,FERRE,2950,0,240.0,Da6a,,,0.0745577518170782,0.015075200727067807,0,0,0,,8.5,0.0,1,0.16452442,,0,0,0
2026-09-27,14,2,SAINT MALO,PX LUTTE CONTRE LE HARCELEMENT SCOLAIRE (GR B),13:10,1790514600000,VOLTE,2950,9,NANOU VISTA,F,3,V.M. MORIN,V. POUPIOT,FERRE,2950,0,260.0,6a,,,0.17144155721367835,0.0348019868588377,0,0,0,,6.0,,0,0.14179105,,0,0,0
2026-09-27,14,2,SAINT MALO,PX LUTTE CONTRE LE HARCELEMENT SCOLAIRE (GR B),13:10,1790514600000,VOLTE,2950,10,NERON DE LA VALLEE,H,3,R. JOLY,R. JOLY,FERRE,2950,0,280.0,Da6a9a9a,,,0.14863055094238464,0.032857419438380185,0,0,0,,8.75,,0,0.23463687,,0,0,0
2026-09-27,14,2,SAINT MALO,PX LUTTE CONTRE LE HARCELEMENT SCOLAIRE (GR B),13:10,1790514600000,VOLTE,2950,11,NIKITA POP,F,3,E. LETOUZE,E. LETOUZE,PA,2950,0,520.0,6a6aDmDaDa,,,0.18021583795468477,0.04323959937635948,0,0,0,,9.0,0.0,2,0.18374558,0.0,3,0,1
2026-09-27,14,2,SAINT MALO,PX LUTTE CONTRE LE HARCELEMENT SCOLAIRE (GR B),13:10,1790514600000,VOLTE,2950,12,NEW YORK GRIFF,F,3,J. LAVAINNE,J. LAVAINNE,FERRE,2950,0,900.0,5a6a,,,0.19780406854643548,0.050140404139953576,0,0,0,,5.5,,0,0.22033899,,0,0,0
2026-09-27,14,2,SAINT MALO,PX LUTTE CONTRE LE HARCELEMENT SCOLAIRE (GR B),13:10,1790514600000,VOLTE,2950,13,NIGHT FLOWER,F,3,S. LEMETAYER,S. LEMETAYER,FERRE,2950,0,960.0,4a0a8a,,,0.10543818476366469,0.023039985983896127,0,0,0,,7.3333335,0.0,1,0.11627907,0.0,1,0,0
2026-09-27,14,2,SAINT MALO,PX LUTTE CONTRE LE HARCELEMENT SCOLAIRE (GR B),13:10,1790514600000,VOLTE,2950,14,NEO DE L'ARETE,H,3,L. KOUBICHE,M. LECOURT,FERRE,2950,0,1095.0,4a7a,,,0.3787438332277016,0.14315950733392588,0,0,0,,5.5,0.0,1,0.34615386,,0,0,0
2026-09-27,14,3,SAINT MALO,PRIX RACEANDCARE,13:40,1790516400000,VOLTE,2950,1,JOKER DE LA BRETTE,H,7,P. OLLITRAULT,N. BINET,D4,2950,0,100407.0,2m1a6a0a7m2m6aDa(25)0a,,,0.1678317368137523,0.04323959937635948,0,0,0,74200.0,5.2,0.44,25,0.13664596,0.3,10,2,2
2026-09-27,14,3,SAINT MALO,PRIX RACEANDCARE,13:40,1790516400000,VOLTE,2950,2,JUST ME NESLE,H,7,LUCAS LUCIANI,B. CARPENTIER,FERRE,2950,0,106720.0,6m2m2m8m5m3m3m4m4m2m,,,0.014796115626825554,0.004995416682527493,0,0,0,74400.0,4.6,0.0,10,0.035714287,0.0,3,0,1
2026-09-27,14,3,SAINT MALO,PRIX RACEANDCARE,13:40,1790516400000,VOLTE,2950,3,JALACTIC,H,7,R. JOLY,B. MARIE,D4,2950,0,111290.0,3a8aDa2a9a3a3aDa5a7a,,,0.11307699772350999,0.030770167841502966,0,0,0,,6.6,0.1724138,29,0.23420075,,0,0,0
2026-09-27,14,3,SAINT MALO,PRIX RACEANDCARE,13:40,1790516400000,VOLTE,2950,4,JORPHEA D'ESPOIR,F,7,M. CONSTANTIN,M. CONSTANTIN,DA_PP,2950,0,111975.0,Da3a3a6aDa2a8a4aDa6a,,,0.07565746572791765,0.012926078433049985,0,0,0,,6.8,0.0,1,0.13725491,0.07692308,13,0,1
2026-09-27,14,3,SAINT MALO,PRIX RACEANDCARE,13:40,1790516400000,VOLTE,2950,5,JOW PIQUENARD,H,7,A. GUYARD,A. GUYARD,D4,2950,0,112490.0,7a4a2a3a5a1a3a6a5aDa,,,0.16067180718802185,0.03796434534437492,0,0,0,,4.2,0.48,25,0.25287357,0.33333334,15,0,0
2026-09-27,14,3,SAINT MALO,PRIX RACEANDCARE,13:40,1790516400000,VOLTE,2950,6,JAHIA DU TRIO,F,7,G. D'HAENENS,TH. LAMARE,D4,2950,0,116320.0,8a4mDa5mDa(25)1a1a2a3a,,,0.3047666792707162,0.10007633535627745,0,0,0,73300.0,7.8,0.5833333,12,0.30327868,0.75,4,0,1
2026-09-27,14,3,SAINT MALO,PRIX RACEANDCARE,13:40,1790516400000,VOLTE,2950,7,ILLICO DE VAU,H,8,A. ANGOT,A.PH. GRIMAULT,D4,2950,0,118275.0,8a3a1a1aDa3a5aDa(25)Da,,,0.13471000563339453,0.033682430157551374,0,0,0,,4.8,0.27272728,11,0.21047431,0.1764706,17,0,1
2026-09-27,14,3,SAINT MALO,PRIX RACEANDCARE,13:40,1790516400000,VOLTE,2950,8,JACKSON D'ECAJEUL,H,7,M. DUDOUIT,J.P. FICHAUX,FERRE,2950,0,120405.0,1a1aDa1a2a0a3a0a2a(25),,,0.2894222588405691,0.1364136813033675,0,0,0,,3.2,0.47826087,23,0.31666666,0.46153846,26,0,0
2026-09-27,14,3,SAINT MALO,PRIX RACEANDCARE,13:40,1790516400000,VOLTE,2950,9,ISSY DE TILLARD,M,8,D. KUMPEN,D. KUMPEN,PA,2950,0,121295.0,7aDa(25)Da0a1aDa4a6aDa,,,0.051386318889432146,0.015555633678038285,0,0,0,,8.0,0.0,1,0.1,0.0,3,0,0
2026-09-27,14,3,SAINT MALO,PRIX RACEANDCARE,13:40,1790516400000,VOLTE,2950,10,JOUR ET NUIT,H,7,M. PEAN,D. BETHOUART,DP,2950,0,121480.0,Da5aDa3a6a4a9a5a3a7a,,,0.15385141134259417,0.0375958398967035,0,0,0,,7.2,0.3,10,0.14814815,,0,0,0
2026-09-27,14,3,SAINT MALO,PRIX RACEANDCARE,13:40,1790516400000,VOLTE,2950,11,JEUNE ORANGE COTON,F,7,A. ANDRE,Antonin ANDRE,D4,2950,0,122030.0,7aDaDa1aDaDaDa3a2aDa,,,0.19836943501104223,0.07903011829744054,0,0,0,,8.2,0.375,16,0.22994652,0.36363637,11,0,2
2026-09-27,14,3,SAINT MALO,PRIX RACEANDCARE,13:40,1790516400000,VOLTE,2950,12,JENUFA,F,7,CEDRIC TERRY,Anthony DOLLION,FERRE,2950,0,122535.0,8a3a4a2a0aDa4a8a4a5a,,,0.08792460818516167,0.023110009429909723,0,0,0,,5.4,0.23076923,13,0.21027288,,0,0,0
2026-09-27,14,3,SAINT MALO,PRIX RACEANDCARE,13:40,1790516400000,VOLTE,2950,13,ISKO D'IQUAINE,H,8,Mlle CL. LELIEVRE,R. MEVEL,PA_DP,2950,0,122935.0,0aDaDa1aDa9aDa(25)3a2a,,1.1,0.15865985397558635,0.04607713479352373,0,0,0,,8.8,,0,0.2943327,,0,0,3
2026-09-27,14,3,SAINT MALO,PRIX RACEANDCARE,13:40,1790516400000,VOLTE,2950,14,JELGA DU VIVIER,F,7,A. LAMY,N. CATHERINE,DA,2950,0,125080.0,1aDa0aDaDa1aDaDa(25)1a,,,0.27973904435620517,0.12766235184936223,0,0,0,,8.8,0.6,20,0.25864455,,0,2,2
2026-09-27,14,4,SAINT MALO,PRIX ANNETTE CANTO,14:10,1790518200000,VOLTE,2950,1,MIRAGE MAGIC,H,4,L. LE DREAN,L. LE DREAN,FERRE,2950,0,17775.0,2a2aDa3a6a3a2a(25)6a0a,,,0.16891389358261746,0.039884598668044245,0,0,0,,4.8,0.42857143,7,0.22330096,0.42857143,7,0,1
2026-09-27,14,4,SAINT MALO,PRIX ANNETTE CANTO,14:10,1790518200000,VOLTE,2950,2,MENELAS DE CORBERY,M,4,N. MARTINEAU,N. MARTINEAU,D4,2950,0,18315.0,5a4a9a6a8a2aDa2a4a(25),,,0.13865746263886267,0.03177762403868862,1,0,0,,6.4,,0,0.16410257,0.22222222,9,0,0
2026-09-27,14,4,SAINT MALO,PRIX ANNETTE CANTO,14:10,1790518200000,VOLTE,2950,3,MANZANA TIME,F,4,P. OLLITRAULT,N. BINET,PA_DP,2950,0,18685.0,Da0a2a3a5a(25)7aDa1a2a,,,0.1670573118530155,0.03995759006711932,0,0,0,,6.2,,0,0.13580246,0.2857143,7,0,0
2026-09-27,14,4,SAINT MALO,PRIX ANNETTE CANTO,14:10,1790518200000,VOLTE,2950,4,MARIO DE SIERRA,H,4,A. ANDRE,F. RETAUX,DP,2950,0,19040.0,DaDa8a4aDa5aDa1aDaDa,,,0.1201522195160299,0.04329516513396855,0,1,0,,9.0,,0,0.22982362,,0,0,0
2026-09-27,14,4,SAINT MALO,PRIX ANNETTE CANTO,14:10,1790518200000,VOLTE,2950,5,MANDARINE BAM,F,4,E. LETOUZE,E. LETOUZE,FERRE,2950,0,19150.0,Dm0a8a0a2a3a8a(25)1a3a,,,0.033423938527068466,0.005596272912240925,0,0,0,75700.0,8.2,0.21428572,14,0.18309858,0.23529412,17,0,1
2026-09-27,14,4,SAINT MALO,PRIX ANNETTE CANTO,14:10,1790518200000,VOLTE,2950,6,MARY AR MOR,F,4,Mlle CL. LELIEVRE,M. LECOURT,D4,2950,0,19180.0,5aDa7a1a4a1aDa6aDa7a,,2.1,0.1703326037464442,0.04843202958778298,0,0,0,,5.6,0.0,1,0.29379562,,0,0,0
2026-09-27,14,4,SAINT MALO,PRIX ANNETTE CANTO,14:10,1790518200000,VOLTE,2950,7,MY BROTHER,H,4,CEDRIC TERRY,S. ERNAULT,D4,2950,0,19260.0,3a1a2a3a(25)4a2a,,,0.2440163235674689,0.0808442190249951,0,0,0,,2.6,0.0,1,0.21018852,0.0,2,0,0
2026-09-27,14,4,SAINT MALO,PRIX ANNETTE CANTO,14:10,1790518200000,VOLTE,2950,8,MAESTRO DE CORDAY,M,4,A. LAMY,Ph.E. TRIBLE,D4,2950,0,19290.0,Da0a5aDa5aDa8aDm7a3a,,,0.15752326194494856,0.06124671373149795,0,0,0,,8.4,0.0,2,0.258573,,0,0,0
2026-09-27,14,4,SAINT MALO,PRIX ANNETTE CANTO,14:10,1790518200000,VOLTE,2950,9,MANGO KALOUMA,H,4,N. COMMOY,Mlle I. KLAPPE,DP,2950,0,19600.0,9a6a0a7a2a5a2a,,,0.15881916148302172,0.044950180777159426,0,0,0,73700.0,6.8,0.4,5,0.09090909,,0,0,0
2026-09-27,14,4,SAINT MALO,PRIX ANNETTE CANTO,14:10,1790518200000,VOLTE,2950,10,MAYA DU PREVALAY,F,4,A. ANGOT,B. ANGOT,D4,2950,0,19670.0,6aDa4a2a6aDa2a4aDa2a,,,0.17877614868072414,0.044216287354793514,0,0,0,,5.8,0.33333334,3,0.21026653,0.33333334,3,1,1
2026-09-27,14,4,SAINT MALO,PRIX ANNETTE CANTO,14:10,1790518200000,VOLTE,2950,11,MY WAY LOVE,H,4,C. ENAULT,Jules LEROULLEY,DP,2950,0,20040.0,4a2aDa9a5m9a9a3a5a(25),,1.4,0.11307699772350999,0.020663773372133584,0,0,0,77100.0,6.2,0.33333334,3,0.23355263,0.2,5,0,0
2026-09-27,14,4,SAINT MALO,PRIX ANNETTE CANTO,14:10,1790518200000,VOLTE,2950,12,MICTOIRE QUEEN,F,4,L. KOUBICHE,L. KOUBICHE,D4,2950,0,20115.0,2a4a3a(25)1a1a,,,0.5222537077970696,0.29313122142499753,1,0,0,75000.0,2.2,,0,0.34526855,0.75,4,0,0
2026-09-27,14,4,SAINT MALO,PRIX ANNETTE CANTO,14:10,1790518200000,VOLTE,2950,13,MA JYL,F,4,A. GUYARD,A. GUYARD,D4,2950,0,20435.0,8m4m5aDa7a2a1a6aDaDa,,,0.20240718593793383,0.060656379822719514,0,0,0,,7.0,0.5,4,0.25,1.0,1,0,0
2026-09-27,14,4,SAINT MALO,PRIX ANNETTE CANTO,14:10,1790518200000,VOLTE,2950,14,MONA VILI,F,4,L. PELTIER,K. LEBLANC,DA,2950,0,20480.0,4aDa6a4aDa9a2a(25)1aDa,,,0.1410567468859211,0.04424357933617085,0,0,0,,7.2,0.0,1,0.17293233,,0,0,0
2026-09-27,14,5,SAINT MALO,PRIX DES VANS MTM,14:40,1790520000000,VOLTE,2950,1,KOUREION D'ELA,H,6,Mlle A. BEAUCAMP,A. GUYARD,D4,2950,0,50210.0,5a7a3a5aDaDaDa6aDa(25),,,0.16498402219734856,0.05483461676865058,0,0,0,,6.2,0.0,1,0.08510638,0.0,2,0,0
2026-09-27,14,5,SAINT MALO,PRIX DES VANS MTM,14:40,1790520000000,VOLTE,2950,2,HADOL DE FAEL,M,9,J.CL. VINCENT,J.CL. VINCENT,FERRE,2950,0,52805.0,7a7a6a9a0a9a9a9a0a0a,,,0.025072415590722055,0.002548966185329822,0,0,0,,7.8,0.0625,32,0.055555556,0.083333336,12,0,1
2026-09-27,14,5,SAINT MALO,PRIX DES VANS MTM,14:40,1790520000000,VOLTE,2950,3,JAVA DU MONCEL,F,7,Mme M. HERGNO,B. PELLAN,D4,2950,0,58645.0,Da0a6a4a3aDa0a5a7a0a,,,0.14227016912285317,0.038891645287099326,0,0,0,,6.8,0.16666667,12,0.14634146,,0,0,0
2026-09-27,14,5,SAINT MALO,PRIX DES VANS MTM,14:40,1790520000000,VOLTE,2950,4,KADIX DEL PHEDO,F,6,S. GILLES,H. TOUVAIS,P4,2950,0,59155.0,0a8a0a0a4a(25)0mDa0a7a,,,0.19432253920967782,0.07277762804702319,0,0,0,,8.4,,0,0.2837838,,0,0,1
2026-09-27,14,5,SAINT MALO,PRIX DES VANS MTM,14:40,1790520000000,VOLTE,2950,5,KAMA DU METZ,F,6,JORDY WEISS,E. BEAUVAIS,P4,2950,0,59310.0,9a4aDa0a2a0aDa4a6aDa,,,0.08337109300924474,0.015824829907297527,0,0,0,,7.2,0.0,2,0.0,,0,0,2
2026-09-27,14,5,SAINT MALO,PRIX DES VANS MTM,14:40,1790520000000,VOLTE,2950,6,KEKOA,H,6,VALENTIN HENRY,Jules LEROULLEY,D4,2950,0,59665.0,Da5m3aDa3aDa0a0a(25)4a,,,0.20705569304853713,0.06558515374931624,0,0,0,72800.0,6.6,0.11764706,17,0.21428572,,0,0,1
2026-09-27,14,5,SAINT MALO,PRIX DES VANS MTM,14:40,1790520000000,VOLTE,2950,7,ISEO PRIOR,H,8,Mme K. GUILLON,CL. GUILLON,DP,2975,25,77915.0,4a9mDa8a9a2a0aDa5a4a,,,0.10288732565527307,0.033578108418626955,0,0,0,,8.2,0.4,5,0.31034482,0.25,8,0,2
2026-09-27,14,5,SAINT MALO,PRIX DES VANS MTM,14:40,1790520000000,VOLTE,2950,8,IDEAL DE BAULON,H,8,M. COLLIN,M. COLLIN,D4,2975,25,83090.0,0a7a0a0a0a0a5a0a0a0a,,,0.10050020827913964,0.015291577544480127,0,0,0,74000.0,9.4,0.23076923,26,0.17391305,0.0,1,0,4
2026-09-27,14,5,SAINT MALO,PRIX DES VANS MTM,14:40,1790520000000,VOLTE,2950,9,KERLAZ D'AVE,H,6,Mlle E. GOETZ,St. PROVOOST,FERRE,2975,25,103465.0,8aDa9a8a2a2a2a4aDaDa,,,0.11018416652788604,0.026757235358989207,0,0,0,,7.6,0.3043478,46,0.13333334,,0,0,2
2026-09-27,14,5,SAINT MALO,PRIX DES VANS MTM,14:40,1790520000000,VOLTE,2950,10,IQUEM MARVIC,H,8,F. CHAPDELAINE,P. HERNOT,DA,2975,25,105465.0,4a3a1a1a4a2m5a2a5aDa,,1.7,0.14330678723698984,0.0275971873280431,0,0,0,73100.0,2.6,0.0,6,0.40053764,0.18181819,11,1,6
2026-09-27,14,5,SAINT MALO,PRIX DES VANS MTM,14:40,1790520000000,VOLTE,2950,11,JACKPOT DU WALLON,H,7,A. PEJUS,A. PEJUS,D4,2975,25,107890.0,0a7a1a8a4a8m1a1a2a1a,,,0.27806663510595175,0.12672919700659555,0,0,0,,6.0,0.11111111,9,0.3382353,0.0,3,0,4
2026-09-27,14,5,SAINT MALO,PRIX DES VANS MTM,14:40,1790520000000,VOLTE,2950,12,GALAXIE DU PARC,F,10,R. VILLESALMON,D. LIZEE,D4,2975,25,112385.0,9aDaDa0a0a4a3a(25)9a0a,,,0.046919928313595566,0.010242748950776454,0,0,0,,10.2,0.0625,16,0.10810811,0.0,1,0,1
2026-09-27,14,5,SAINT MALO,PRIX DES VANS MTM,14:40,1790520000000,VOLTE,2950,13,ILLINOIS,H,8,Mlle AUXANE HALLAIS,J.W. HALLAIS,FERRE,2975,25,112665.0,1a2a2a1a2a5m2m6a0aDa,,1.7,0.11163754852674616,0.04069366892210143,0,0,0,,1.6,0.33333334,45,,,0,1,3
2026-09-28,1,1,ENGHIEN,PRIX DE SAINT-CHAMOND,11:55,1790596500000,AUTOSTART,2150,1,IDYLLE DU PERSIL,F,8,G. GELORMINI,G. CURENS,D4,2150,0,219700.0,7aDa1a5aDaDa5aDa3a6a,,,0.0820842618143534,0.01773632494532044,0,0,0,,7.0,0.20588236,34,0.27107558,0.47058824,17,1,11
2026-09-28,1,1,ENGHIEN,PRIX DE SAINT-CHAMOND,11:55,1790596500000,AUTOSTART,2150,2,JIBI DU FRUITIER,H,7,M. MOTTIER,CH.M. BRUNEAU,D4,2150,0,227275.0,8a6a6a4a3a2a0a0a0a(25),,,0.14146367405127377,0.04474617234196824,0,0,0,,5.4,0.31707317,41,0.33515152,1.0,1,2,5
2026-09-28,1,1,ENGHIEN,PRIX DE SAINT-CHAMOND,11:55,1790596500000,AUTOSTART,2150,3,IOUPY TOLLEVILLE,H,8,F. NIVARD,E. SZIRMAY,D4,2150,0,227365.0,7a8a8a0a4aAa6a0a6a5a,,,0.09253370905299196,0.020947905560557145,0,0,0,,7.4,0.53571427,28,0.30081823,0.33333334,9,2,9
2026-09-28,1,1,ENGHIEN,PRIX DE SAINT-CHAMOND,11:55,1790596500000,AUTOSTART,2150,4,JOS MAZA,H,7,M. ROTHENGATTER,M. ROTHENGATTER,D4,2150,0,220028.0,2a3a4a6a1a2a0a2aDa(25),,,0.38092447428621834,0.18472382678050162,0,0,0,,3.2,0.45454547,11,0.369863,0.4117647,17,2,3
2026-09-28,1,1,ENGHIEN,PRIX DE SAINT-CHAMOND,11:55,1790596500000,AUTOSTART,2150,5,HAPPY PACHA,H,9,A. ABRIVARD,L.CL. ABRIVARD,D4,2150,0,225530.0,9a4m0a0a0a5a7mDa5m8a,,,0.15221102091371597,0.0574661305745103,0,0,0,,8.6,0.0,13,0.37951544,0.42857143,14,0,3
2026-09-28,1,1,ENGHIEN,PRIX DE SAINT-CHAMOND,11:55,1790596500000,AUTOSTART,2150,6,HERMES D'ECROVILLE,H,9,M. LEGROS,B. MARIE,D4,2150,0,225360.0,0a0a7a0a7a3a0a8a0a5a,,,0.049026632948976155,0.009031246681668423,0,0,0,,8.8,0.23684211,76,0.22524977,0.12,25,2,5
2026-09-28,1,1,ENGHIEN,PRIX DE SAINT-CHAMOND,11:55,1790596500000,AUTOSTART,2150,7,IN LOVE REGLISSE,H,8,D. DE JESUS REIS,D. DE JESUS REIS,P4,2150,0,223130.0,1a5a5m0m5a0a0a9a8m2m,,,0.04856233947819374,0.010242748950776454,0,0,0,,5.2,0.0,1,0.13636364,0.21052632,19,0,0
2026-09-28,1,1,ENGHIEN,PRIX DE SAINT-CHAMOND,11:55,1790596500000,AUTOSTART,2150,8,JAGUAR DU FAN,H,7,R. LAMY,CH.A. MARY,D4,2150,0,217905.0,7a9aDa2a6a9a4a(25)2a1a,,,0.1705821919205132,0.0662267498871525,0,0,0,72000.0,7.0,0.4375,32,0.23738317,,0,5,6
2026-09-28,1,1,ENGHIEN,PRIX DE SAINT-CHAMOND,11:55,1790596500000,AUTOSTART,2150,9,GALOPIN DE BIANCA,H,10,D. THOMAIN,L. LERENARD,P4,2150,0,213810.0,7a8a2a3a6a0a6a8a6aDa,,,0.03363796388789216,0.008664600611690396,0,0,0,,5.2,0.15789473,19,0.31499413,,0,0,1
2026-09-28,1,1,ENGHIEN,PRIX DE SAINT-CHAMOND,11:55,1790596500000,AUTOSTART,2150,10,JEWEL TOUCH,H,7,E. RAFFIN,P.L. DESAUNETTE,D4,2150,0,212120.0,1a1a1a2a2aDa4a0a7a4a,,,0.1814602942315892,0.07704982684214762,0,0,0,,1.4,0.3888889,36,0.40499526,0.0,1,0,2
2026-09-28,1,1,ENGHIEN,PRIX DE SAINT-CHAMOND,11:55,1790596500000,AUTOSTART,2150,11,INDIGO DU PERCHE,H,8,F. OUVRIE,H. VAN DEN HENDE,D4,2150,0,210750.0,7m1m1a1m3a8m5m4a3a6a,,,0.09644283942597602,0.026995012088373103,0,0,0,,2.6,0.4,30,0.24422236,0.5714286,14,2,6
2026-09-28,1,1,ENGHIEN,PRIX DE SAINT-CHAMOND,11:55,1790596500000,AUTOSTART,2150,12,JOYCE DES GRANGES,F,7,B. ROCHARD,Ch. NICOLE,PA,2150,0,202650.0,5a2a6a4a8a4a1a2a4a4a,,,0.06162792134267853,0.011417742313242966,0,0,0,,5.0,0.3181818,22,0.3244224,0.25,4,2,13
2026-09-28,1,1,ENGHIEN,PRIX DE SAINT-CHAMOND,11:55,1790596500000,AUTOSTART,2150,13,INTELLO DE CHENU,H,8,T. OUVRIE,P. PELLEROT,D4,2150,0,216070.0,0a0aDa4a6a5a4a5a(25)0a,,,0.06124036016293583,0.014404423075479234,0,0,0,,8.2,0.0,10,0.1786108,,0,1,3
2026-09-28,1,1,ENGHIEN,PRIX DE SAINT-CHAMOND,11:55,1790596500000,AUTOSTART,2150,14,JAZZ DE PADD,H,7,A. COLLETTE,M. ABRIVARD,D4,2150,0,213215.0,3a7a3a3a5a1a2a8a1a3a,,,0.20248189144176224,0.07316505147856824,0,0,0,,4.2,0.6,15,0.23979692,1.0,1,1,2
2026-09-28,1,1,ENGHIEN,PRIX DE SAINT-CHAMOND,11:55,1790596500000,AUTOSTART,2150,15,INTREPIDE DES BOIS,H,8,F. LAGADEUC,PH. DAUGEARD,D4,2150,0,209005.0,2a2a2a2a3a9aDa2a3aDa,,,0.06718970607346042,0.015145393075046948,0,0,0,,2.2,0.23529412,17,0.28122967,0.0,3,1,6
2026-09-28,1,2,ENGHIEN,PRIX DU PONT DE TOLBIAC,12:30,1790598600000,AUTOSTART,2150,1,OLBIA CASTELETS,F,2,T. OUVRIE,R.CH. LARUE,FERRE,2150,0,5340.0,Da2a5a4a,,,0.09741854552491709,0.011428970882641831,0,0,0,,5.5,0.0,3,0.17841409,0.0,3,0,0
2026-09-28,1,2,ENGHIEN,PRIX DU PONT DE TOLBIAC,12:30,1790598600000,AUTOSTART,2150,2,ONE LIFE,F,2,L. BAUDRON,L. BAUDRON,FERRE,2150,0,5850.0,1a,,,0.2762178431752661,0.10108151195406068,0,0,0,,1.0,0.0,1,0.28861788,0.0,1,0,0
2026-09-28,1,2,ENGHIEN,PRIX DU PONT DE TOLBIAC,12:30,1790598600000,AUTOSTART,2150,3,OLYMPIC MEMORY,F,2,E. RAFFIN,J. DUBOIS,FERRE,2150,0,5960.0,Da2a3a,,,0.1981941468380041,0.07001842320008317,0,0,0,,5.3333335,0.0,3,0.4049526,,0,0,0
2026-09-28,1,2,ENGHIEN,PRIX DU PONT DE TOLBIAC,12:30,1790598600000,AUTOSTART,2150,4,OSEZ MELODY,F,2,R. LAMY,Mme Emeline DESMIGNEUX,FERRE,2150,0,3640.0,3a3a,,,0.1936910614357142,0.047428895189512287,0,0,0,,3.0,,0,0.23723537,,0,0,0
2026-09-28,1,2,ENGHIEN,PRIX DU PONT DE TOLBIAC,12:30,1790598600000,AUTOSTART,2150,5,OASIS DU CHOQUEL,F,2,B. ROCHARD,N. BRIDAULT,FERRE,2150,0,4620.0,3a,,,0.19788812245102258,0.07845893316791269,0,0,0,,3.0,0.0,1,0.32438317,0.0,1,0,0
2026-09-28,1,2,ENGHIEN,PRIX DU PONT DE TOLBIAC,12:30,1790598600000,AUTOSTART,2150,6,OH FAMILY,F,2,TH. DUVALDESTIN,TH. DUVALDESTIN,FERRE,2150,0,6750.0,Da1a,,,0.23143563181650603,0.18238632041011082,0,0,0,,6.0,0.0,2,0.5380282,0.0,1,0,0
2026-09-28,1,2,ENGHIEN,PRIX DU PONT DE TOLBIAC,12:30,1790598600000,AUTOSTART,2150,7,ODESSA DE MORGANE,F,2,R.CH. LARUE,R.CH. LARUE,FERRE,2150,0,6450.0,Da3a2a6a,,,0.1015092033469182,0.013283085001743333,0,0,0,,5.5,0.0,3,0.17704917,0.0,2,0,0
2026-09-28,1,2,ENGHIEN,PRIX DU PONT DE TOLBIAC,12:30,1790598600000,AUTOSTART,2150,8,OZANA PRIMA,F,2,A. COLLETTE,P.Y. VERVA,FERRE,2150,0,3540.0,5a3a,,,0.12436058566746948,0.031197814474714074,0,0,0,,4.0,0.0,2,0.2397501,,0,0,0
2026-09-28,1,2,ENGHIEN,PRIX DU PONT DE TOLBIAC,12:30,1790598600000,AUTOSTART,2150,9,OCKNETTE DE CORDAY,F,2,F. OUVRIE,J. CERISIER,FERRE,2150,0,920.0,4a,,,0.05403493308190634,0.008498254771153289,0,0,0,,4.0,,0,0.24417153,,0,0,0
2026-09-28,1,2,ENGHIEN,PRIX DU PONT DE TOLBIAC,12:30,1790598600000,AUTOSTART,2150,10,OLYMPE DE BELINE,F,2,A. ABRIVARD,B. ROBIN,FERRE,2150,0,2860.0,3a6aDa,,,0.12113723990853298,0.03125142639598042,0,0,0,,6.6666665,0.0,2,0.3794604,,0,0,0
2026-09-28,1,2,ENGHIEN,PRIX DU PONT DE TOLBIAC,12:30,1790598600000,AUTOSTART,2150,11,OASIENNE,F,2,J.F. SENET,J.F. SENET,FERRE,2150,0,380.0,7aDaDa,,,0.03421859192292773,0.00674625758182619,0,0,0,,9.666667,0.0,2,0.21137787,0.0,2,0,0
2026-09-28,1,2,ENGHIEN,PRIX DU PONT DE TOLBIAC,12:30,1790598600000,AUTOSTART,2150,12,OLYMPE KAYZ,F,2,M. MOTTIER,J.ET. LE BEC,FERRE,2150,0,1200.0,4aDa,,,0.060382821537944185,0.016235708300821078,0,0,0,,7.5,0.0,2,0.33510074,,0,0,0
2026-09-28,1,3,ENGHIEN,PRIX DE CHAMPILLON,13:05,1790600700000,VOLTE,2875,1,NISKO D'ELCE,M,3,A. ABRIVARD,L.CL. ABRIVARD,PA,2875,0,11325.0,2aDm1aDaDaDaDa,,,0.2064413048712467,0.09953829402194919,0,0,0,,7.2,0.0,1,0.37940538,0.0,2,0,0
2026-09-28,1,3,ENGHIEN,PRIX DE CHAMPILLON,13:05,1790600700000,VOLTE,2875,2,NIAGARA PLANCHETTE,H,3,P. BUHIGNE,G. TADDEI,FERRE,2875,0,13530.0,2a3a1aDmDa,,,0.16244311262576383,0.036617547470642865,0,0,0,75800.0,5.6,0.5,4,0.19354838,1.0,2,0,0
2026-09-28,1,3,ENGHIEN,PRIX DE CHAMPILLON,13:05,1790600700000,VOLTE,2875,4,NUMBER WAY,M,3,E. RAFFIN,A. CHAVATTE,PA,2875,0,16750.0,2a1aDa2a,,,0.41164528080993756,0.1751189789397407,0,0,0,,4.0,0.0,2,0.4049099,,0,0,0
2026-09-28,1,3,ENGHIEN,PRIX DE CHAMPILLON,13:05,1790600700000,VOLTE,2875,5,NOBEL DU CHOQUEL,M,3,B. ROCHARD,N. BRIDAULT,P4,2875,0,16785.0,1a3a1a8a7aDm,,,0.26896565442885195,0.09381091966446818,0,0,0,,4.0,0.0,1,0.32434395,0.0,1,0,1
2026-09-28,1,3,ENGHIEN,PRIX DE CHAMPILLON,13:05,1790600700000,VOLTE,2875,6,NAZARINO,M,3,D. THOMAIN,S. ROUSSELLE,FERRE,2875,0,17760.0,Da4a3a1aDaDa(25)Da9a3a,,,0.20474202105194853,0.07001842320008317,0,0,0,,6.0,0.14285715,7,0.31494793,0.0,1,0,0
2026-09-28,1,3,ENGHIEN,PRIX DE CHAMPILLON,13:05,1790600700000,VOLTE,2875,7,NEO DE FAEL,M,3,M. MOTTIER,TH. DUVALDESTIN,PA,2875,0,17850.0,2aDa1aDa1a,,,0.2888739118124362,0.10394519791644048,0,0,0,,5.2,0.0,3,0.33505,,0,0,1
2026-09-28,1,3,ENGHIEN,PRIX DE CHAMPILLON,13:05,1790600700000,VOLTE,2875,8,NETEYAM,H,3,F. LAGADEUC,C. RAIMBAUD,P4,2875,0,18000.0,3a2a2a7a2a,,,0.4492557216323296,0.14150489011891376,0,0,0,74600.0,3.2,1.0,2,0.28118393,,0,0,0
2026-09-28,1,3,ENGHIEN,PRIX DE CHAMPILLON,13:05,1790600700000,VOLTE,2875,9,NOTRE SAXO D'AURE,H,3,A. COLLETTE,P.Y. VERVA,FERRE,2875,0,18040.0,6a3a2a5a6a2a5a,,,0.11078781994260796,0.022868416529760332,0,0,0,,4.4,0.42857143,7,0.2397033,,0,0,0
2026-09-28,1,4,ENGHIEN,PRIX DE VENISSIEUX,13:40,1790602800000,VOLTE,2875,1,LUTHER,H,5,J. CERISIER,J. CERISIER,D4,2875,0,37650.0,0mDmDm9m9mAaDmDmDmDa,,,0.04246254495210596,0.011341269290934841,0,0,0,,10.0,0.33333334,3,0.14609572,0.09090909,11,0,1
2026-09-28,1,4,ENGHIEN,PRIX DE VENISSIEUX,13:40,1790602800000,VOLTE,2875,2,LOVELY KOOL,F,5,Mlle A. POULAIN,L. BARASSIN,D4,2875,0,47240.0,DaDa7a0aDa4a0aDa0a4a,,,0.05811328839004424,0.013924677730492968,0,0,0,,10.0,0.0,5,0.18965517,,0,2,3
2026-09-28,1,4,ENGHIEN,PRIX DE VENISSIEUX,13:40,1790602800000,VOLTE,2875,3,LEO DES PIECES,H,5,A. REBECHE,J. CHEVREUX,D4,2875,0,47655.0,Dm2mDm4m7a6m5a3a5a2m,,,0.08348915856040999,0.01748970420993154,0,0,0,,7.0,0.33333334,15,0.2094044,,0,0,0
2026-09-28,1,4,ENGHIEN,PRIX DE VENISSIEUX,13:40,1790602800000,VOLTE,2875,4,LUCIANO VET,M,5,B. ROCHARD,B. LE BELLER,D4,2875,0,48340.0,4a1a6a5a1a4a4a6a(25)7a,,,0.12860345184424563,0.05219024007055093,0,0,0,,3.4,0.0,1,0.32430473,,0,0,0
2026-09-28,1,4,ENGHIEN,PRIX DE VENISSIEUX,13:40,1790602800000,VOLTE,2875,5,LAGON DU DEZERT,H,5,M. DURVILLE,R. BRETON,P4,2875,0,48415.0,7mDm4mDmDm5m1mDa4m2m,,,0.09053179023197193,0.016215984828861777,0,0,0,,8.8,0.0,1,0.25649717,0.375,8,0,0
2026-09-28,1,4,ENGHIEN,PRIX DE VENISSIEUX,13:40,1790602800000,VOLTE,2875,6,LOUPIO MENUET,H,5,A. ABRIVARD,Sté. Ent. Emmanuel ALLARD,D4,2875,0,48955.0,1m1m5m1m4mDa(25)2m8a1m,,,0.2219587770400557,0.08884257441893806,0,0,0,,2.4,0.33333334,3,0.37935033,,0,0,0
2026-09-28,1,4,ENGHIEN,PRIX DE VENISSIEUX,13:40,1790602800000,VOLTE,2875,7,LEDA SAINT LATUIN,F,5,W. DERSOIR-HABIB,Guillaume JOUVE,PA_DP,2875,0,51880.0,2m1m3m3m1m1m7m3mDa(25),,,0.27771046901633084,0.08597945763465727,0,0,0,,2.0,0.5,4,0.2356021,0.6666667,6,0,0
2026-09-28,1,4,ENGHIEN,PRIX DE VENISSIEUX,13:40,1790602800000,VOLTE,2875,8,LE VENT DU HOULET,H,5,M. LELIEVRE,L. VERVA,D4,2875,0,54230.0,3m1m4m6mDm1m8a3m4m6m,,,0.13471000563339453,0.02715619966604091,0,0,0,,5.0,0.0,5,0.22544643,0.33333334,3,0,0
2026-09-28,1,4,ENGHIEN,PRIX DE VENISSIEUX,13:40,1790602800000,VOLTE,2875,9,LALIK,H,5,Mlle E. LACOMBLEZ,Mme S. RAIMOND,D4,2875,0,56575.0,0m4m1a1a1m3m(25)0a4m4a,,,0.24146861713401377,0.083101114451633,0,0,0,74600.0,3.4,0.5555556,9,0.1983471,,0,0,1
2026-09-28,1,4,ENGHIEN,PRIX DE VENISSIEUX,13:40,1790602800000,VOLTE,2875,10,LOTUS DES SABLES,H,5,Mlle AURIANE MEUNIER,ST. MEUNIER,PA_DP,2875,0,58975.0,3m4m7m9aDmDm4m6m8m6m,,,0.10244128537277664,0.01546442098167454,0,0,0,,6.8,0.23076923,13,0.14942528,0.0,2,3,4
2026-09-28,1,4,ENGHIEN,PRIX DE VENISSIEUX,13:40,1790602800000,VOLTE,2875,11,LUANA SPORT,F,5,A. COLLETTE,Mme CL. DESMONTILS,PA_DP,2875,0,60230.0,Da2a2aDa7aDaDa5a1a8a,,,0.17623959726892593,0.051205456066367276,0,0,0,,6.6,,0,0.23965652,0.0,3,0,0
2026-09-28,1,4,ENGHIEN,PRIX DE VENISSIEUX,13:40,1790602800000,VOLTE,2875,12,LE TRESOR KRAAILO,H,5,E. RAFFIN,V. MARTENS,D4,2875,0,60746.0,6mDm4m3aAm2m(25)1m2m1m,,,0.3147966033497425,0.15219405191360968,0,0,0,74200.0,7.0,0.5,12,0.40486726,0.5,2,0,2
2026-09-28,1,4,ENGHIEN,PRIX DE VENISSIEUX,13:40,1790602800000,VOLTE,2875,13,LUCAS DE TOURNAI,H,5,M. MOTTIER,J. CONDETTE,PA_DP,2875,0,60900.0,Dm4mDm4mDa6mDm5m8m1m,,,0.13483420266116622,0.038790597609066446,0,0,0,,8.2,0.0,4,0.33499923,,0,1,4
2026-09-28,1,4,ENGHIEN,PRIX DE VENISSIEUX,13:40,1790602800000,VOLTE,2875,14,LUMIO FALL,H,5,S.E. PASQUIER,E. LELIEVRE,PA_DP,2875,0,61930.0,2mDm1m4m1m2m1m4m(25)2m,,,0.20047679030426271,0.06622403101723567,0,0,0,,3.8,0.0,5,0.22193211,0.5,4,0,1
2026-09-28,1,5,ENGHIEN,PRIX DE LA BOURSE,14:15,1790604900000,VOLTE,2875,1,EVANDRO DEGLI DEI,M,6,M. MOTTIER,L. CHARBONNEL,D4,2875,0,69931.0,5a5a5a(25)4a3a4a,,,0.12517199001698368,0.03818504384611076,0,0,0,,4.4,0.0,3,0.3349485,,0,0,0
2026-09-28,1,5,ENGHIEN,PRIX DE LA BOURSE,14:15,1790604900000,VOLTE,2875,2,I CAN WIN GARDENIA,H,6,D. THOMAIN,J. LORENTZEN,D4,2875,0,86342.0,8a3a4a4a8a6a,,,0.1205437895893775,0.04595815579564758,0,0,0,,5.4,0.0,2,0.31490174,,0,0,0
2026-09-28,1,5,ENGHIEN,PRIX DE LA BOURSE,14:15,1790604900000,VOLTE,2875,3,NO TALKING YOU,H,6,R. LAMY,L. CHARBONNEL,PA_DP,2875,0,87220.0,7a4a7a1a7a2a,,,0.12369833914601795,0.028285552158665666,0,0,0,,5.2,,0,0.23708774,,0,0,0
2026-09-28,1,5,ENGHIEN,PRIX DE LA BOURSE,14:15,1790604900000,VOLTE,2875,4,RED D'OVER,H,6,F. OUVRIE,Mme S. LAVIGNE,PA_DP,2875,0,88182.0,2a3a7a7a6a2a,,,0.13381636469574995,0.0301387113601319,0,0,0,,5.0,0.2857143,7,0.2441207,0.6666667,3,0,3
2026-09-28,1,5,ENGHIEN,PRIX DE LA BOURSE,14:15,1790604900000,VOLTE,2875,5,EXPLOIT KRONOS,M,6,B. ROCHARD,W. NIMCZYK,DP,2875,0,89652.0,2a1a5aDa3a2a,,,0.19790474208697836,0.09416689086245887,0,0,0,,4.4,0.33333334,3,0.3242655,0.5,4,0,1
2026-09-28,1,5,ENGHIEN,PRIX DE LA BOURSE,14:15,1790604900000,VOLTE,2875,6,ENEA FONT,M,6,G. GELORMINI,S. GUARATO,D4,2875,0,108724.0,6a4a1a8aDa2a,,,0.17498930689484796,0.058181182536297414,0,0,0,,6.0,0.25,4,0.27102634,0.0,1,0,0
2026-09-28,1,5,ENGHIEN,PRIX DE LA BOURSE,14:15,1790604900000,VOLTE,2875,7,UNDERGROUND ARTIST,M,6,K. DEPUYDT,Mme C. DE SOETE,D4,2875,0,113516.0,Da0a2a2a4aDa,,,0.11663573053767558,0.03490845044893709,0,0,0,,5.8,0.1,10,0.2206655,0.5,2,0,3
2026-09-28,1,5,ENGHIEN,PRIX DE LA BOURSE,14:15,1790604900000,VOLTE,2875,8,KAZAN BEACH,H,6,F. LAGADEUC,F. HAREL,P4,2875,0,116495.0,8a5a3a6a1a6a9a(25)8a3a,,,0.11067961643191311,0.024476909243896876,0,0,0,,4.6,0.42857143,7,0.2811382,0.3,10,0,2
2026-09-28,1,5,ENGHIEN,PRIX DE LA BOURSE,14:15,1790604900000,VOLTE,2875,9,EBANO D'ARC,H,6,A. ABRIVARD,L.CL. ABRIVARD,D4,2875,0,121725.0,8aDmDa0a7aDa9a(24)8a4a,,,0.12829292629990183,0.04871743713917349,0,0,0,,9.4,0.0,8,0.37929535,0.0,4,0,5
2026-09-28,1,5,ENGHIEN,PRIX DE LA BOURSE,14:15,1790604900000,VOLTE,2875,10,KARA D'OR,F,6,R. HEMERY,M. DUPUIS,D4,2875,0,126035.0,1a5aDa9a7aDaDm2a9a3a,,,0.06474146229975236,0.009779724247541614,0,0,0,,6.6,0.45454547,22,0.0801105,0.375,8,1,7
2026-09-28,1,5,ENGHIEN,PRIX DE LA BOURSE,14:15,1790604900000,VOLTE,2875,11,KASSIOPEE DREAM,F,6,L.M. DAVID,L.M. DAVID,PA_DP,2875,0,129800.0,5a7a4a1aDa5a1a2a7a0a,,,0.06712923897937056,0.016235708300821078,0,0,0,,5.6,0.0,1,0.195,0.20512821,39,3,5
2026-09-28,1,5,ENGHIEN,PRIX DE LA BOURSE,14:15,1790604900000,VOLTE,2875,12,KISS ME DE NAVARY,F,6,F. NIVARD,P. HACHIN,P4,2875,0,130055.0,3a8aDaDa2a4a7aDa(25)6a,,,0.1216815876931332,0.023039985983896127,0,0,0,,7.0,0.0,1,0.30076998,0.6,5,3,5
2026-09-28,1,5,ENGHIEN,PRIX DE LA BOURSE,14:15,1790604900000,VOLTE,2875,13,KERNO,H,6,J.J. BELLEVEAUX,Nils PACHA,D4,2875,0,132250.0,3a4a2a3a0a1a4a7a3a2a,,,0.08708618666768637,0.015375487360861468,0,0,0,,4.4,0.5555556,18,0.13541667,0.0,1,0,0
2026-09-28,1,5,ENGHIEN,PRIX DE LA BOURSE,14:15,1790604900000,VOLTE,2875,14,KING BABEL,H,6,E. RAFFIN,Y. HALLAIS,DP,2875,0,132670.0,Da1a3a4a1a1a3a1a1a(25),,,0.1909467166056004,0.07875623207902012,0,0,0,,4.0,0.5,10,0.4048246,0.5,2,1,3
2026-09-28,1,5,ENGHIEN,PRIX DE LA BOURSE,14:15,1790604900000,VOLTE,2875,15,KAPITANO DE LOU,H,6,T. OUVRIE,A. DUPERCHE,D4,2875,0,133235.0,1a1a1a9a3a1a2a7a9a8a,,,0.07355427726785331,0.01968302120427806,0,0,0,,3.0,0.16666667,24,0.17821783,,0,0,4
2026-09-28,1,6,ENGHIEN,PRIX DE LA BASTILLE,14:50,1790607000000,VOLTE,2875,1,JICKY GIRL,F,7,Mme CH. L. DAVID,G. CURENS,DP,2875,0,102995.0,5a3a3a3a5a5a0a7a6a3a,,,0.054795668259975415,0.010991226516649645,0,0,0,72900.0,3.8,,0,0.0,,0,1,5
2026-09-28,1,6,ENGHIEN,PRIX DE LA BASTILLE,14:50,1790607000000,VOLTE,2875,2,JAGUAR DE VILLETOT,H,7,TH. ROULLIER,L. JUBLOT,D4,2875,0,105620.0,8mDm9m4m6mDm3m(25)6m5m,,,0.12960494908338593,0.029767561318654146,0,0,0,,7.6,0.4117647,17,0.16319445,,0,0,5
2026-09-28,1,6,ENGHIEN,PRIX DE LA BASTILLE,14:50,1790607000000,VOLTE,2875,3,JOKER DE MARZY,H,7,R. VILAULT,A. THOMAS,PA_DP,2875,0,113770.0,4m3a3a3a5aDaDa2a(25)1a,,,0.19228675273041418,0.08366798858462847,0,0,0,,3.6,0.25,4,0.17964073,,0,0,1
2026-09-28,1,6,ENGHIEN,PRIX DE LA BASTILLE,14:50,1790607000000,VOLTE,2875,4,IDEAL D'ARTONGES,H,8,Mlle E. LACOMBLEZ,M. BOUCHEZ,DP,2875,0,117785.0,DmDm0aDaDmDmDm0mDm0a,,,0.03297594711107307,0.00674625758182619,0,0,0,,10.8,0.3,20,0.19753087,,0,0,9
2026-09-28,1,6,ENGHIEN,PRIX DE LA BASTILLE,14:50,1790607000000,VOLTE,2875,5,JOJO DE L'AUNAY,H,7,L. OTT,L.M. DAVID,PA_DP,2875,0,119365.0,0a5m4aDa8a6m8m0m0a8m,,,0.08646861265424115,0.02050677120613611,0,0,0,72000.0,7.6,0.4,5,0.1356784,,0,1,6
2026-09-28,1,6,ENGHIEN,PRIX DE LA BASTILLE,14:50,1790607000000,VOLTE,2875,6,JACANA DE BLARY,F,7,Mme C. BLAIZOT,TH. LEVESQUE,D4,2875,0,132410.0,1m4m5mDm1mDmDm3m8m(25),,,0.15880194949495152,0.033578108418626955,0,0,0,73100.0,4.4,0.29032257,31,0.22666667,0.4,15,0,3
2026-09-28,1,6,ENGHIEN,PRIX DE LA BASTILLE,14:50,1790607000000,VOLTE,2875,7,JILANZA DU MOULIN,F,7,J. MAILLARD,J. GROIZEAU,P4,2875,0,137835.0,1m2mDa5aDmDaDa3m3aDa,,,0.1707009671602746,0.0497184874417953,0,0,0,,6.0,0.0,3,0.19293478,0.0,1,2,4
2026-09-28,1,6,ENGHIEN,PRIX DE LA BASTILLE,14:50,1790607000000,VOLTE,2875,8,JIQUEL,H,7,Mlle E. BOUCLET,M. IZZO,PA,2875,0,146710.0,6a6a8a3m3a2mDa0a6a5a,,,0.0952890393780259,0.025566844080417376,0,0,0,,5.2,0.0,3,0.20845921,,0,1,1
2026-09-28,1,6,ENGHIEN,PRIX DE LA BASTILLE,14:50,1790607000000,VOLTE,2875,9,JOYEUX MESLOIS,H,7,J. FERRON,G. CURENS,D4,2875,0,147855.0,2m4a3a5a0a5a0a1a9a4a,,,0.14103446336952163,0.04714307957354371,0,0,0,,4.8,0.17857143,28,0.22222222,,0,1,2
2026-09-28,1,6,ENGHIEN,PRIX DE LA BASTILLE,14:50,1790607000000,VOLTE,2875,10,JERIKA DE KERYANN,F,7,Mlle A. POULAIN,Sté. Ent. Christophe CLIN,DP,2875,0,149480.0,7a7a5aDa0mDm0a4a0a6a,,,0.12281707770959571,0.031737862737093864,0,0,0,,8.0,,0,0.18900344,0.0,1,2,4
2026-09-28,1,6,ENGHIEN,PRIX DE LA BASTILLE,14:50,1790607000000,VOLTE,2875,11,IDEFIX DHELPA,H,8,Mlle AURIANE MEUNIER,E. SZIRMAY,D4,2875,0,153700.0,0a6a8a8a0a8a4a6a0a(25),,,0.08952433213924428,0.01494625463520203,0,0,0,,8.4,0.18181819,22,0.14857143,0.5,2,3,11
2026-09-28,1,7,ENGHIEN,PRIX DE MOISSAC,15:25,1790609100000,VOLTE,2875,1,MADONE DES RACQUES,F,4,G. GELORMINI,Sté. Ent. Charles CRIADO,FERRE,2875,0,30075.0,DaDa2a6a0a(25)Da4a7a6a,,,0.013093198840104105,0.001998001998001998,0,0,0,74800.0,8.0,0.083333336,12,0.2709771,0.0,2,0,1
2026-09-28,1,7,ENGHIEN,PRIX DE MOISSAC,15:25,1790609100000,VOLTE,2875,2,MY FAVORITE THINGS,F,4,J. VANMEERBECK,Sté. Ent. Jonathan VANMEERBECK,D4,2875,0,30315.0,3a2a8a2a1a3a7a(25)0a0a,,,0.08745734654553355,0.02049999964535008,0,0,0,,3.2,0.25,4,0.2020548,0.33333334,3,0,1
2026-09-28,1,7,ENGHIEN,PRIX DE MOISSAC,15:25,1790609100000,VOLTE,2875,3,MAYA DE MAHEY,F,4,A. REBECHE,V. LEBARQUE,PA_DP,2875,0,30370.0,1a3a3a0a0a(25)6a8a9a3a,,,0.05372355710283624,0.010985077405557849,0,0,0,,5.4,0.0,3,0.20927319,0.2,10,0,2
2026-09-28,1,7,ENGHIEN,PRIX DE MOISSAC,15:25,1790609100000,VOLTE,2875,4,MAJESTIK D'AMOUR,F,4,M. MOTTIER,K. LEBLANC,D4,2875,0,30890.0,Da7a5a2a1a2a(25)6a1a2a,,,0.16272594081472266,0.05972822805388225,0,0,0,,5.2,0.33333334,3,0.33489782,,0,0,0
2026-09-28,1,7,ENGHIEN,PRIX DE MOISSAC,15:25,1790609100000,VOLTE,2875,5,MAFIA RINGEAT,F,4,TH.E. LONCKE,TH. LONCKE,FERRE,2875,0,31670.0,7a5aDa9a7a0a7a8a(25)1a,,,0.04553546250661548,0.0074974262644979,0,0,0,,7.8,0.27272728,11,0.17525773,0.25,12,0,1
2026-09-28,1,7,ENGHIEN,PRIX DE MOISSAC,15:25,1790609100000,VOLTE,2875,6,MA BELLE ATTAQUE,F,4,E. RAFFIN,F. HAREL,DP,2875,0,31755.0,1aDaDa4aDa1a(25)8a1a2a,,,0.1847365576907781,0.0776601102296721,0,0,0,,7.6,0.0,4,0.40478197,0.0,2,0,0
2026-09-28,1,7,ENGHIEN,PRIX DE MOISSAC,15:25,1790609100000,VOLTE,2875,7,MAGIE D'ORLY,F,4,J.F. SENET,J.F. SENET,DP,2875,0,31850.0,7a1aDaDaDa1aDa4a3a(25),,,0.08993364478970702,0.025771133648162355,0,0,0,,8.2,0.2,5,0.2112676,0.33333334,6,0,1
2026-09-28,1,7,ENGHIEN,PRIX DE MOISSAC,15:25,1790609100000,VOLTE,2875,8,MEDINA DREAM,F,4,L.M. DAVID,L.M. DAVID,DP,2875,0,32060.0,4a5a6a9a1m1m3a5a(25)8a,,,0.06978803485229722,0.014349412926895856,0,0,0,,5.0,0.0,3,0.19480519,0.0,6,0,2
2026-09-28,1,7,ENGHIEN,PRIX DE MOISSAC,15:25,1790609100000,VOLTE,2875,9,MISS LADY QUICK,F,4,B. ROCHARD,Olivier TOUVAIS,D4,2875,0,32160.0,1a2a1a3aDa3a(25)0a2a3a,,,0.15771123042457105,0.054508541816566246,0,0,0,,3.6,0.4,5,0.32422632,0.0,2,0,0
2026-09-28,1,7,ENGHIEN,PRIX DE MOISSAC,15:25,1790609100000,VOLTE,2875,10,MY LADY DE CAHOT,F,4,F. OUVRIE,Ch. NICOLE,PP,2875,0,32160.0,1a6aDa1aDaDaDaDaDa8a,,,0.07810468632310956,0.02074047409072344,0,0,0,,6.0,0.0,1,0.24406992,0.33333334,3,0,0
2026-09-28,1,7,ENGHIEN,PRIX DE MOISSAC,15:25,1790609100000,VOLTE,2875,11,MOUFLETTE,F,4,D. THOMAIN,Nils PACHA,D4,2875,0,32230.0,3aDa8a7a3a5a0aDa9a4a,,,0.09182734273862193,0.028285552158665666,0,0,0,,6.4,0.0,1,0.31485555,,0,0,0
2026-09-28,1,7,ENGHIEN,PRIX DE MOISSAC,15:25,1790609100000,VOLTE,2875,12,MARGOT PAROYO,F,4,F. NIVARD,D. CHERBONNEL,PA_DP,2875,0,32320.0,1a6a6a4a4a0a(25)0a6a7a,,,0.09667035827164154,0.015291577544480127,0,0,0,,4.2,0.0,5,0.30072173,0.2,5,0,0
2026-09-28,1,7,ENGHIEN,PRIX DE MOISSAC,15:25,1790609100000,VOLTE,2875,13,MOLLY JACH,F,4,F. LAGADEUC,M. LECOURT,D4,2875,0,32820.0,1a2a1a5a(25)4a8a1a6a1a,,,0.19496849643398398,0.05922988256091888,0,0,0,,2.6,0.0,1,0.2810925,0.0,1,0,0
2026-09-28,1,7,ENGHIEN,PRIX DE MOISSAC,15:25,1790609100000,VOLTE,2875,14,MISS SAGACY,F,4,A. ABRIVARD,P.L. DESAUNETTE,D4,2875,0,33095.0,3a1a1a4a1a(25)0a3a1a4a,,,0.19252807031677688,0.083101114451633,0,0,0,,2.0,0.5,2,0.37924036,,0,0,0
2026-09-28,1,7,ENGHIEN,PRIX DE MOISSAC,15:25,1790609100000,VOLTE,2875,15,MARIE CHARLOTTE,F,4,ANTHONY DOLLION,Anthony DOLLION,FERRE,2875,0,33340.0,3a4a1a2a2a(25)2a2a3a,,,0.10321992971223388,0.03321876507959554,0,0,0,74800.0,2.4,1.0,3,0.33215547,0.875,8,0,0
2026-09-28,1,7,ENGHIEN,PRIX DE MOISSAC,15:25,1790609100000,VOLTE,2875,16,MORGANE DE HOERDT,F,4,R. LAMY,F. JUNG,D4,2875,0,33565.0,9a3a1a(25)0aDa1a6a3a3a,,,0.12930477585010416,0.03374792545712834,0,0,0,74900.0,6.8,0.6666667,3,0.2369403,,0,0,1
2026-09-28,1,8,ENGHIEN,PRIX D'EGLETONS,16:00,1790611200000,VOLTE,2875,1,SECRET OF LAW,H,5,D. THOMAIN,P. PELLEROT,PA_DP,2875,0,92669.0,5a1a3a2a2a5a,,,0.25984308587891214,0.06558923012171984,0,0,0,,2.6,0.5714286,7,0.31480938,0.5,4,0,1
2026-09-28,1,8,ENGHIEN,PRIX D'EGLETONS,16:00,1790611200000,VOLTE,2875,2,LORD TURGOT,H,5,J.ET. ABRIVARD,M. ABRIVARD,FERRE,2875,0,122010.0,4a0a5aDa2a1a(25)2a2a8a,,,0.167649213283217,0.025566844080417376,0,0,0,,6.4,0.23076923,13,0.21669628,0.33333334,3,0,0
2026-09-28,1,8,ENGHIEN,PRIX D'EGLETONS,16:00,1790611200000,VOLTE,2875,3,FERAHAN AS,M,5,F. NIVARD,H.E. BONDO,PA,2875,0,127854.0,DaDa9a9a4aAaDa8aDa7a,,,0.1265711139779849,0.024468465320612042,0,0,0,,8.8,,0,0.3006735,0.0,5,2,6
2026-09-28,1,8,ENGHIEN,PRIX D'EGLETONS,16:00,1790611200000,VOLTE,2875,4,LE GRAAL,H,5,B. ROCHARD,TH. DUVALDESTIN,D4,2875,0,145515.0,Da1aDa1a1a2a5aDaDa9a,,,0.2622940990089863,0.10858264846046295,0,0,0,,5.0,0.5,4,0.3241871,,0,3,4
2026-09-28,1,8,ENGHIEN,PRIX D'EGLETONS,16:00,1790611200000,VOLTE,2875,5,FAWAZ MIL,H,5,M. MOTTIER,Mme Maria TORNQVIST,DP,2875,0,149093.0,1a2a2a1a4a2a,,,0.4656892740729246,0.19895134871973771,0,0,0,,2.0,0.6666667,3,0.33484712,0.5,2,0,0
2026-09-28,1,8,ENGHIEN,PRIX D'EGLETONS,16:00,1790611200000,VOLTE,2875,6,LOVEBIRD,M,5,E. RAFFIN,J.PH. DUBOIS,PA_DP,2875,0,149200.0,2aDaDa2a2a4a3a4aDa5a,,,0.269542393510464,0.09032353138494266,0,0,0,,5.6,0.35,20,0.40473935,0.5,2,3,5
2026-09-28,1,8,ENGHIEN,PRIX D'EGLETONS,16:00,1790611200000,VOLTE,2875,7,LAMONT DU DOUET,H,5,F. LAGADEUC,N. BRIDAULT,D4,2875,0,150810.0,3a4a3a3a5a7m7a7aDa3a,,,0.15904934301803772,0.03316515315832921,0,0,0,,3.6,0.2173913,23,0.2810468,0.25,8,1,5
2026-09-28,1,8,ENGHIEN,PRIX D'EGLETONS,16:00,1790611200000,VOLTE,2875,8,FAKIR ROC,M,5,G. GELORMINI,Filippo ROCCA,D4,2875,0,157944.0,2a7a1a1a7a(25)3a,,,0.2516840311597119,0.08019168734623333,0,0,0,72300.0,3.6,0.0,2,0.2709279,,0,0,1
2026-09-28,2,3,CRAON,PRIX LOXAM,09:51,1790589060000,VOLTE,2750,1,NORTH RIM,M,3,A. BARRIER,J.PH. MONCLIN,FERRE,2750,0,15375.0,2a2a2a,,,0.2334516558026655,0.08375195042818345,0,0,0,73500.0,2.0,1.0,3,0.30956447,,0,0,0
2026-09-28,2,3,CRAON,PRIX LOXAM,09:51,1790589060000,VOLTE,2750,2,NANA DU LEVANT,F,3,A. ANGOT,D. BETHOUART,FERRE,2750,0,15525.0,1a7a5a7a8a6a(25)2a6a6a,,,0.03503452532011402,0.007453098342582366,0,0,0,,5.6,0.1,10,0.21005917,0.0,1,0,1
2026-09-28,2,3,CRAON,PRIX LOXAM,09:51,1790589060000,VOLTE,2750,3,NOTEZ LE,M,3,J.PH. RAFFEGEAU,J.PH. RAFFEGEAU,FERRE,2750,0,15525.0,1aDaDaDa1a,,,0.04147018441180118,0.013283085001743333,0,0,0,,7.0,0.2,5,0.12130178,,0,0,0
2026-09-28,2,3,CRAON,PRIX LOXAM,09:51,1790589060000,VOLTE,2750,4,NOBLESSE DE CORDAY,F,3,ARNAUD DESMOTTES,ARNAUD DESMOTTES,FERRE,2750,0,15890.0,1aDa2a4a5a3aDa7a,,,0.08154629735152946,0.02610954778249776,0,0,0,,4.6,1.0,1,0.30877572,1.0,1,1,1
2026-09-28,2,3,CRAON,PRIX LOXAM,09:51,1790589060000,VOLTE,2750,5,NOAH DES MALBERAUX,H,3,TH. RAFFIN,Sté. Ent. Grégory THOREL,FERRE,2750,0,16590.0,5a1a3a4a4aDa6a,,,0.03032904991079896,0.00817629300187342,0,0,0,75000.0,3.4,0.0,4,0.20925553,0.0,1,0,0
2026-09-28,2,3,CRAON,PRIX LOXAM,09:51,1790589060000,VOLTE,2750,6,NAGANOSTAR,M,3,LEO BLAVETTE,N. BAZIRE,FERRE,2750,0,17120.0,6a1a1a,,,0.078147215946313,0.02312763670196379,0,0,0,75200.0,2.6666667,0.6666667,3,0.12435233,,0,0,0
2026-09-28,2,3,CRAON,PRIX LOXAM,09:51,1790589060000,VOLTE,2750,7,NIKITA DU PONT,F,3,L. BAUDOUIN,N. BAZIRE,FERRE,2750,0,17205.0,1a4a1a,,,0.1938153351964403,0.051438790960442356,0,0,0,74500.0,2.0,0.5,2,0.262565,,0,0,0
2026-09-28,2,3,CRAON,PRIX LOXAM,09:51,1790589060000,VOLTE,2750,8,NEW LOOK SENOVILLE,H,3,M. ABRIVARD,M. ABRIVARD,FERRE,2750,0,18595.0,3a2a2aDa2a,,,0.1434038506264076,0.05742636551323107,0,0,0,,4.0,0.6666667,3,0.33471012,0.6,5,0,0
2026-09-28,2,3,CRAON,PRIX LOXAM,09:51,1790589060000,VOLTE,2750,9,NEPTUNE DE JEAN,H,3,M. PEAN,W. BIGEON,FERRE,2775,25,24825.0,1a2a1a5a4a,,,0.05372355710283624,0.01819467242032339,0,0,0,,2.6,1.0,1,0.14678898,,0,0,0
2026-09-28,2,3,CRAON,PRIX LOXAM,09:51,1790589060000,VOLTE,2750,10,NEW WORLD,M,3,V. TESTARD,J. DUBOIS,FERRE,2775,25,26260.0,Da1a3a3aDa7a0a(25)Da8a,,,0.02332519397032477,0.006538274936172067,0,0,0,,5.8,0.16666667,6,0.1632653,0.0,1,0,0
2026-09-28,2,3,CRAON,PRIX LOXAM,09:51,1790589060000,VOLTE,2750,11,NEW YORK CITY,F,3,L. GUINOISEAU,Sté. Ent. Grégory THOREL,FERRE,2775,25,29470.0,7a1a6a2aDa2a(25)8a6aDa,,,0.01759148789948138,0.005937418706458634,0,0,0,74900.0,5.4,0.0,3,0.19331984,,0,0,0
2026-09-28,2,3,CRAON,PRIX LOXAM,09:51,1790589060000,VOLTE,2750,12,NEUVAINE,F,3,Mlle NOEMIE HARDY,S. HARDY,FERRE,2775,25,31120.0,Da6aDaDa1a2a5a1a2a,,,0.03322133972803462,0.006511096318651224,0,0,0,,8.0,0.375,8,0.08097166,0.0,1,0,0
2026-09-28,2,3,CRAON,PRIX LOXAM,09:51,1790589060000,VOLTE,2750,13,NICE ATOUT,M,3,ANTOINE BOUTIN,M. MOTTIER,FERRE,2775,25,33125.0,2aDa2a1a2aDa(25)6a,,,0.02717976280573485,0.0104917121115498,0,0,0,75400.0,3.6,0.0,3,0.26712328,,0,0,0
2026-09-28,2,3,CRAON,PRIX LOXAM,09:51,1790589060000,VOLTE,2750,14,NEEL AR MOR,H,3,M. BARRE,Anthony PERRIN,FERRE,2775,25,35875.0,Dm1aDm3m(25)Da4a3a1aDa,,,0.032773348312039215,0.009031246681668423,0,0,0,,7.4,0.375,8,0.096666664,,0,0,0
2026-09-28,2,3,CRAON,PRIX LOXAM,09:51,1790589060000,VOLTE,2750,15,NELSON DE BANVILLE,H,3,N. BAZIRE,N. BAZIRE,FERRE,2775,25,36000.0,2m2m2m8m,,,0.08823429156007846,0.028852372391614024,0,0,0,76000.0,3.5,0.5,2,0.25029728,,0,0,0
2026-09-28,2,3,CRAON,PRIX LOXAM,09:51,1790589060000,VOLTE,2750,16,NOIRE INTENSE,F,3,C. HERIVAUX,W. BIGEON,FERRE,2800,50,52520.0,DaDaDa1a3a(25)3aDa1a,,,0.037701376791443426,0.01233591963020563,0,0,0,,7.4,0.5,6,0.22099447,,0,0,0
2026-09-28,2,3,CRAON,PRIX LOXAM,09:51,1790589060000,VOLTE,2750,17,NICE SPEED,M,3,F.P. BOSSUET,F.P. BOSSUET,FERRE,2800,50,79680.0,2a8a7aDa1a2a4a1aDm1a,,,0.11721995134265555,0.03520575016145219,0,0,0,73700.0,5.8,0.30769232,13,0.29139072,0.33333334,6,0,0
2026-09-28,2,3,CRAON,PRIX LOXAM,09:51,1790589060000,VOLTE,2750,18,NOVA TIM,F,3,V. REZE,B. ROBIN,FERRE,2800,50,83580.0,6a6a8a0a4a4a4a7a4a5a,,,0.018974777260195586,0.005596272912240925,0,0,0,,6.8,0.5714286,7,0.069767445,,0,0,0
2026-09-28,2,5,CRAON,PRIX TERIDEAL,10:55,1790592900000,VOLTE,3500,1,KUNAMATATA,F,6,M. PEAN,W. BIGEON,FERRE,3500,0,131265.0,9a3aDa1a4a0a6a1a(25)6a,,,0.008501358501358502,0.004606845214817684,0,0,0,71300.0,5.6,0.36363637,11,0.14545454,,0,0,0
2026-09-28,2,5,CRAON,PRIX TERIDEAL,10:55,1790592900000,VOLTE,3500,2,JE VIENS DU SUD,H,7,LEO ABRIVARD,LEO ABRIVARD,D4,3500,0,169790.0,7a1a1a2a1a1a2a8aDa7a,,,0.13192074915692817,0.05221748856243317,0,0,0,,2.4,0.25,4,0.20231214,0.5,4,0,0
2026-09-28,2,5,CRAON,PRIX TERIDEAL,10:55,1790592900000,VOLTE,3500,3,JAMBIER D'OURVILLE,H,7,J. LEBOUTEILLER,E. PLANCHENAULT,D4,3500,0,178475.0,8a4a0a4a0a4a1a1a0m(25),,,0.11684192275986928,0.03319718059886598,0,0,0,,7.2,0.5294118,17,0.27386934,,0,0,1
2026-09-28,2,5,CRAON,PRIX TERIDEAL,10:55,1790592900000,VOLTE,3500,4,JOLLY CHIC,F,7,CH. GALLIER,CH. GALLIER,FERRE,3525,25,211030.0,(25)2m1m5a1m1m0a1m1m1a,,,0.04408236085938145,0.013991333040658235,0,0,0,71600.0,2.0,0.42105263,38,0.34228188,0.33333334,36,1,1
2026-09-28,2,5,CRAON,PRIX TERIDEAL,10:55,1790592900000,VOLTE,3500,5,IRIS FROM,F,8,C. HERIVAUX,W. BIGEON,D4,3525,25,286900.0,7a2a0a0a7a4a7a5a3a(25),,,0.0716161946747783,0.012856569205150012,0,0,0,,7.2,0.3846154,13,0.21978022,0.2,10,0,1
2026-09-28,2,5,CRAON,PRIX TERIDEAL,10:55,1790592900000,VOLTE,3500,6,ILEO PIERJI,H,8,TH. RAFFIN,CH.A. MARY,D4,3525,25,287765.0,5a6a4a5a5aDa1aDmDa(25),,,0.05577830929086813,0.01594986800236349,0,0,0,,5.0,0.32,25,0.20883535,,0,1,3
2026-09-28,2,5,CRAON,PRIX TERIDEAL,10:55,1790592900000,VOLTE,3500,7,GAMIN DES ISLES,H,10,V. PATEAU,S. BOURLIER,D4,3525,25,308130.0,3a5a5a2a4a5a(25)3a2a4a,,,0.06673518694345958,0.014718877278453626,0,0,0,,3.8,0.4814815,27,0.1,,0,0,0
2026-09-28,2,5,CRAON,PRIX TERIDEAL,10:55,1790592900000,VOLTE,3500,8,HOLD UP DU DIGEON,H,9,L. GUINOISEAU,TH. RAFFEGEAU,D4,3525,25,323425.0,0a0a8a8a0a0a6a0a8a2a,,,0.03503452532011402,0.006973367652180561,0,0,0,,9.2,0.33333334,57,0.19312437,0.0,1,0,1
2026-09-28,2,5,CRAON,PRIX TERIDEAL,10:55,1790592900000,VOLTE,3500,9,IRIS DES ROSEAUX,H,8,GUILLAUME MARTIN,TH. DUVALDESTIN,D4,3525,25,325430.0,3a2a4a3a1a9a(25)Dm2a2a,,,0.28782265062803253,0.10394519791644048,0,0,0,,2.6,0.7916667,24,0.27540272,1.0,1,1,1
2026-09-28,2,5,CRAON,PRIX TERIDEAL,10:55,1790592900000,VOLTE,3500,10,HELIOS SI,H,9,Mlle NOEMIE HARDY,S. HARDY,DA,3525,25,329670.0,7a4a0a8a0a2a0m7a8a6a,,,0.03109986987051055,0.00615446974690314,0,0,0,,7.8,0.5,2,0.08086254,0.4,5,0,1
2026-09-28,2,5,CRAON,PRIX TERIDEAL,10:55,1790592900000,VOLTE,3500,11,IDOLE OF LOVE,F,8,L. BAUDOUIN,E. VARIN,D4,3525,25,330800.0,2a9a4a4a3a4aDaDa8a7a,,,0.07057819209984428,0.02044104373202342,0,0,0,,4.4,0.36363637,33,0.26233765,0.33333334,3,1,3
2026-09-28,2,5,CRAON,PRIX TERIDEAL,10:55,1790592900000,VOLTE,3500,12,IMPERATOR D'ELA,H,8,A. BARRIER,M. VARIN,D4,3525,25,334354.0,0aAa7a6a0aDa9m6a6a4a,,,0.21169850936161083,0.0732686586986171,0,0,0,,8.8,0.54545456,33,0.3094984,0.53846157,26,1,2
2026-09-28,2,5,CRAON,PRIX TERIDEAL,10:55,1790592900000,VOLTE,3500,13,INSHORE,M,8,J.PH. RAFFEGEAU,LEO ABRIVARD,D4,3550,50,449650.0,0mDmDm5m8mDa8m(25)DaDa,,,0.0621232954495727,0.026351116020984094,0,0,0,,9.0,0.0,2,0.120943956,,0,0,0
2026-09-28,2,5,CRAON,PRIX TERIDEAL,10:55,1790592900000,VOLTE,3500,14,JAZZ IN MONTREUX,H,7,V. REZE,Sté. Ent. Grégory THOREL,FERRE,3550,50,488650.0,2mDa3m1m(25)6m3mDa2m0a,,,0.016526964504860898,0.010360562844456904,0,0,0,70900.0,4.6,0.31578946,19,0.06818182,,0,0,0
2026-09-28,2,5,CRAON,PRIX TERIDEAL,10:55,1790592900000,VOLTE,3500,15,KING OPERA,M,6,M. ABRIVARD,W. BIGEON,FERRE,3550,50,561280.0,Da2a1a1a3a2a8a0a4a(25),,,0.20382177159874393,0.1486390089613187,0,0,0,,3.6,0.46153846,26,0.33466077,0.0,3,0,2
2026-09-28,2,5,CRAON,PRIX TERIDEAL,10:55,1790592900000,VOLTE,3500,16,HYMNE DU GERS,H,9,N. BAZIRE,N. BAZIRE,DA,3550,50,570780.0,6m0a3mDa0a2a7a0a0m2a,,,0.09716817382810417,0.024876745299541803,0,0,0,,8.0,,0,0.25014853,0.4,15,0,2
2026-09-28,2,5,CRAON,PRIX TERIDEAL,10:55,1790592900000,VOLTE,3500,17,HIDALGO DES NOES,H,9,Mlle CL. LELIEVRE,St. PROVOOST,DA,3550,50,574890.0,5a0a4a8a6a4a8a0a8a0a,,,0.05030916951008749,0.009987706893195739,0,0,0,,6.6,0.30588236,85,0.29326048,,0,0,3
2026-09-28,2,5,CRAON,PRIX TERIDEAL,10:55,1790592900000,VOLTE,3500,18,IDEAL DU ROCHER,H,8,ARNAUD DESMOTTES,TH. DUVALDESTIN,D4,3550,50,593892.0,2a1a5a0a3a3a7m1a4a(25),,,0.1216824140107684,0.07191524923208827,0,0,0,,4.2,0.46666667,45,0.30844155,,0,0,1
2026-09-28,2,7,CRAON,PRIX DU COURRIER DE LA MAYENNE,12:12,1790597520000,VOLTE,2775,1,MARVEL MESLOIS,H,4,A. BARRIER,CH.A. MARY,D4,2775,0,25585.0,8a9a9a(25)2m3m4m3mDa7m,,,0.148649133038276,0.08230229151339241,1,0,0,,6.2,,0,0.30943236,,0,0,0
2026-09-28,2,7,CRAON,PRIX DU COURRIER DE LA MAYENNE,12:12,1790597520000,VOLTE,2775,2,MOZAR DE REVE D'OR,M,4,TH. LAMARE,TH. LAMARE,D4,2775,0,27665.0,7a4a0a7m(25)1m0a3aDa1a,,,0.09801678481759414,0.03813143192484441,1,0,0,76200.0,5.8,,0,0.1985294,,0,0,0
2026-09-28,2,7,CRAON,PRIX DU COURRIER DE LA MAYENNE,12:12,1790597520000,VOLTE,2775,3,MERVEILLE DAB,F,4,TH. RAFFIN,Nils PACHA,D4,2775,0,29420.0,8a9aDa3a1a3aDaDa6aDa,,,0.054513390662323746,0.013226365066843647,0,0,0,,6.4,0.16666667,6,0.20841683,,0,0,0
2026-09-28,2,7,CRAON,PRIX DU COURRIER DE LA MAYENNE,12:12,1790597520000,VOLTE,2775,4,MILORD DE TERNOIRE,H,4,TH. PELTIER,A. LEDUC,D4,2775,0,29455.0,1a1a1a6a3a5a(25)6a5a3a,,,0.11260562458716973,0.040877849205943666,1,0,0,76100.0,2.4,,0,0.17159763,,0,0,0
2026-09-28,2,7,CRAON,PRIX DU COURRIER DE LA MAYENNE,12:12,1790597520000,VOLTE,2775,5,MIDNIGHT DREAM,H,4,F. POISSON,Sté. Ent. Matilde HERLEIKSPLASS,D4,2775,0,30075.0,Da(25)Dm6m1m4m3m2m4mDa,,,0.14620197545964073,0.036645871095132364,1,0,0,,6.6,,0,0.16233766,0.0,1,0,0
2026-09-28,2,7,CRAON,PRIX DU COURRIER DE LA MAYENNE,12:12,1790597520000,VOLTE,2775,6,MY LOVE JULMA,M,4,N. MEREL,Sté. Ent. Grégory THOREL,FERRE,2775,0,30170.0,Da1aDaDaDa1a(25)9a3a1a,,,0.07021481560384132,0.01836358786876283,0,0,0,,9.0,0.5,4,0.13636364,,0,0,0
2026-09-28,2,7,CRAON,PRIX DU COURRIER DE LA MAYENNE,12:12,1790597520000,VOLTE,2775,7,MALIKA DU SURF,F,4,MARTIAL VIEL,A.H. VIEL,FERRE,2775,0,30445.0,7a7aDaDa7aDa5a4aDa(25),,,0.043359738315926454,0.005596272912240925,0,0,0,,8.6,0.2173913,23,0.13202247,0.23809524,21,0,0
2026-09-28,2,7,CRAON,PRIX DU COURRIER DE LA MAYENNE,12:12,1790597520000,VOLTE,2775,8,MELODY DU DIGEON,F,4,A. HUBERT,A. HUBERT,D4,2775,0,30705.0,0a1a3a3a0a8a4a9a1a(25),,,0.09299273320053231,0.02120067253826045,0,0,0,,5.4,0.0,2,0.32831326,0.125,8,0,1
2026-09-28,2,7,CRAON,PRIX DU COURRIER DE LA MAYENNE,12:12,1790597520000,VOLTE,2775,9,MAGICO,H,4,ANTOINE BOUTIN,M. MOTTIER,FERRE,2775,0,31080.0,8a1a3a5a(25)2a1a1a,,,0.06388897435541004,0.02312763670196379,0,0,0,,3.8,1.0,2,0.26530612,0.0,1,0,0
2026-09-28,2,7,CRAON,PRIX DU COURRIER DE LA MAYENNE,12:12,1790597520000,VOLTE,2775,10,MAGIQUE REVAT,H,4,Mlle CL. LELIEVRE,P. LELIEVRE,D4,2800,25,46950.0,1a1a1a2a1aDa1a(25)Da,,,0.33238643175160704,0.200736790873749,1,0,0,,1.2,,0,0.29272726,0.8,5,0,0
2026-09-28,2,7,CRAON,PRIX DU COURRIER DE LA MAYENNE,12:12,1790597520000,VOLTE,2775,11,MANDRAGORA FLEURY,F,4,P. PACAUD,V. HEBERT,D4,2800,25,48780.0,0aDa3a2a2a9a5a5a9a9a,,,0.07007224362403042,0.013808556814722109,0,0,0,,5.6,0.16666667,6,0.17857143,0.5,2,0,0
2026-09-28,2,7,CRAON,PRIX DU COURRIER DE LA MAYENNE,12:12,1790597520000,VOLTE,2775,12,MAN IN LOVE,M,4,J. LEBOUTEILLER,J. LEBOUTEILLER,FERRE,2800,25,51740.0,1aDa1a5a4a(25)Da5a1a2a,,,0.02717976280573485,0.008201575908455556,0,0,0,71700.0,4.4,0.36363637,11,0.27318296,0.33333334,9,0,0
2026-09-28,2,7,CRAON,PRIX DU COURRIER DE LA MAYENNE,12:12,1790597520000,VOLTE,2775,13,MOZART SAUTONNE,M,4,PIERRE ABRIVARD,M. ABRIVARD,FERRE,2800,25,54950.0,2a1a5a3a(25)Da3a2a2a1a,,,0.028745786340177864,0.011898175264213441,0,0,0,70500.0,4.4,0.71428573,7,0.15053764,,0,0,0
2026-09-28,2,7,CRAON,PRIX DU COURRIER DE LA MAYENNE,12:12,1790597520000,VOLTE,2775,14,MARIE DI LEONE,F,4,A. LE BEC,H. LE BEC,FERRE,2800,25,56890.0,7a0a6a4a(25)2a2a5a7a4a,,,0.014157722234724585,0.004043415971503616,0,0,0,74100.0,5.8,0.53846157,13,0.09589041,,0,0,0
2026-09-28,2,7,CRAON,PRIX DU COURRIER DE LA MAYENNE,12:12,1790597520000,VOLTE,2775,15,MAESTRO JAMINI,M,4,J. BRUNEAU,J. BRUNEAU,FERRE,2800,25,58125.0,Da3a(25)DaDaDa2a4aDmDa,,,0.02087816885606525,0.00615446974690314,0,0,0,,9.4,0.4,15,0.19202898,0.25,4,0,0
2026-09-28,2,7,CRAON,PRIX DU COURRIER DE LA MAYENNE,12:12,1790597520000,VOLTE,2775,16,MISTER ROYAL,H,4,ET. DELAUNAY,M. SASSIER,D4,2800,25,58890.0,6a5aDa3a3a4a3a2a5aDa,,,0.15105166335141318,0.047428487124934214,1,0,0,,5.6,,0,0.2111437,,0,0,0
2026-09-28,2,7,CRAON,PRIX DU COURRIER DE LA MAYENNE,12:12,1790597520000,VOLTE,2775,17,MADISON SEVEN,M,4,N. BAZIRE,N. BAZIRE,FERRE,2800,25,59545.0,(25)1a1a7a0a1a1a3a,,,0.12174255884453765,0.046958003615565895,0,0,0,75000.0,4.0,0.71428573,7,0.25,0.5,2,0,0
2026-09-28,2,7,CRAON,PRIX DU COURRIER DE LA MAYENNE,12:12,1790597520000,VOLTE,2775,18,MUST DE BANVILLE,H,4,M. ABRIVARD,M. ABRIVARD,D4,2800,25,59975.0,1a2a1a2aDa2a8a(25)1a1a,,,0.3660707124799661,0.16060251469562095,1,0,0,,3.4,,0,0.33461142,0.33333334,6,0,0
2026-09-28,5,1,LE CROISE LAROCHE,PRIX DE RONCHIN,16:33,1790613180000,VOLTE,2825,1,KID DE LA BANIO,H,6,JULIEN RAFFESTIN,Julien RAFFESTIN,D4,2825,0,84425.0,3a6a2aDaDa2a5aDa2a6a,,,0.19172914810068142,0.0648543419242068,0,0,0,,6.6,0.35,20,0.24892966,0.42857143,21,2,4
2026-09-28,5,1,LE CROISE LAROCHE,PRIX DE RONCHIN,16:33,1790613180000,VOLTE,2825,2,KENDO CASTELETS,H,6,M. VERVA,CH. CUILLER,D4,2825,0,85005.0,3a5a3a8a5aDa4a5a1a1a,,,0.09997867613411017,0.03417053037746664,0,0,0,,4.8,0.44,25,0.17251462,,0,0,2
2026-09-28,5,1,LE CROISE LAROCHE,PRIX DE RONCHIN,16:33,1790613180000,VOLTE,2825,3,KANDEL DE BEYLEV,M,6,A. JANNIER,CH. CUILLER,FERRE,2825,0,85305.0,0a4a5a(25)DaDa7a5aDaDa,,,0.029673681053202425,0.009413078177563587,0,0,0,71100.0,8.2,0.44444445,9,0.16091955,,0,1,2
2026-09-28,5,1,LE CROISE LAROCHE,PRIX DE RONCHIN,16:33,1790613180000,VOLTE,2825,4,KIBORA BUISSONAY,F,6,P.PH. PLOQUIN,J.G. VAN EECKHAUTE,D4,2825,0,85540.0,0a1aDa6aDa8a0a5a2a0a,,,0.16193175723800027,0.05544482350611,0,0,0,,7.8,0.25,32,0.28190938,0.0,2,5,12
2026-09-28,5,1,LE CROISE LAROCHE,PRIX DE RONCHIN,16:33,1790613180000,VOLTE,2825,5,KADOR JOSSELYN,H,6,L. PITON,B. PITON,PA,2825,0,85585.0,0aDaDa4aDa2aDa5aDa5a,,,0.10019502544392249,0.01859995817654443,0,0,0,,9.4,0.0,2,0.16323908,0.33333334,3,0,0
2026-09-28,5,1,LE CROISE LAROCHE,PRIX DE RONCHIN,16:33,1790613180000,VOLTE,2825,6,KING DU RIL,H,6,LILIAN BERTIN,A.PH. GRIMAULT,PA,2825,0,86495.0,9m9mDmDm8a(25)1m6m6mDm,,,0.12936484897603792,0.028480344621272236,0,0,0,,9.6,0.0,5,0.21653543,0.29411766,17,0,1
2026-09-28,5,1,LE CROISE LAROCHE,PRIX DE RONCHIN,16:33,1790613180000,VOLTE,2825,7,KOMDAPI DIESCHOOT,H,6,A. COLLETTE,K. LEBLANC,D4,2825,0,86615.0,2a9a1a1a4a(25)9aDm3mDa,,,0.22442269569833695,0.08831016986834878,0,0,0,,3.4,0.25,16,0.23960976,0.0,2,0,2
2026-09-28,5,1,LE CROISE LAROCHE,PRIX DE RONCHIN,16:33,1790613180000,VOLTE,2825,8,KISS ME DUTOLLEM,F,6,M. GOETZ,F. GHEKIERE,D4,2825,0,86635.0,4a4a4a2a3aDa1a1a2a(25),,,0.26717073650544565,0.10358435295039527,0,0,0,,3.4,0.4,20,0.29910713,1.0,1,2,4
2026-09-28,5,1,LE CROISE LAROCHE,PRIX DE RONCHIN,16:33,1790613180000,VOLTE,2825,9,JAGUAR D'ERABLE,H,7,TH. DROMIGNY,P.L. DESAUNETTE,D4,2825,0,86665.0,6a2a7a3a0a(25)7a7a7a7a,,,0.17080572758125712,0.04500388748212592,0,0,0,73500.0,5.6,0.36363637,11,0.23237886,,0,0,0
2026-09-28,5,1,LE CROISE LAROCHE,PRIX DE RONCHIN,16:33,1790613180000,VOLTE,2825,10,KILLARNEY,F,6,CH. MARTENS,Y. DESMET,D4,2825,0,86690.0,0a0a8a7a7a0a(25)Da0a5a,,,0.2647944130249051,0.08978719135566893,0,0,0,,8.4,0.29411766,17,0.36351874,0.0,1,0,2
2026-09-28,5,1,LE CROISE LAROCHE,PRIX DE RONCHIN,16:33,1790613180000,VOLTE,2825,11,KAIROS DE BOMO,M,6,CH. HESLOUIN,CH. HESLOUIN,DP,2825,0,86870.0,0a5a0a2a9aDa2a3a(25)7a,,,0.20307408253163292,0.06497422877075569,0,0,0,,7.2,0.23076923,13,0.24547283,0.2,35,1,1
2026-09-28,5,1,LE CROISE LAROCHE,PRIX DE RONCHIN,16:33,1790613180000,VOLTE,2825,12,JAGUAR D'ESCRIT,H,7,P.Y. VERVA,F.M. MORIN,D4,2825,0,86945.0,1a2a4a2a8aDa4aDa2a7m,,,0.23719489618308676,0.11743669884403574,0,0,0,,3.4,0.23076923,13,0.28462735,,0,0,0
2026-09-28,5,1,LE CROISE LAROCHE,PRIX DE RONCHIN,16:33,1790613180000,VOLTE,2825,13,KOMAN,H,6,E. DE JESUS,P.L. DESAUNETTE,D4,2825,0,87800.0,Da0a0a4aDa2a8a1a4a4a,,,0.11531856054899026,0.03520575016145219,0,0,0,,9.2,0.29166666,24,0.21465969,,0,2,4
2026-09-28,5,1,LE CROISE LAROCHE,PRIX DE RONCHIN,16:33,1790613180000,VOLTE,2825,14,JOYAU DARLING,H,7,F. GUERINEAU,A. RIPOLL RIGO,D4,2825,0,87935.0,7a6a4a5a0a3a5a7a8a(25),,,0.11021865120418288,0.030681415062212284,0,0,0,,6.4,0.41935483,31,0.16066065,0.16666667,12,3,5
2026-09-28,5,2,LE CROISE LAROCHE,GRAND PRIX LA VOIX DU NORD,17:05,1790615100000,VOLTE,2800,1,LUCIUS DE PUCH,H,5,F. CHARTIER,F. CHARTIER,FERRE,2800,0,65935.0,0aDaDa1a7a2aDa7a4a7a,,,0.03242865195673317,0.004480395906684205,0,0,0,,8.0,0.29411766,17,0.11702128,0.16666667,12,1,5
2026-09-28,5,2,LE CROISE LAROCHE,GRAND PRIX LA VOIX DU NORD,17:05,1790615100000,VOLTE,2800,2,LEADER DU POMMEAU,H,5,PH. MASSCHAELE,Mme G. MASSCHAELE,FERRE,2800,0,66510.0,7aDaDa6aDaDa(25)DaDa2a,,,0.011275283605380692,0.0018169043160359876,0,0,0,,9.2,0.4375,16,0.14202172,0.0,2,0,0
2026-09-28,5,2,LE CROISE LAROCHE,GRAND PRIX LA VOIX DU NORD,17:05,1790615100000,VOLTE,2800,3,LEGENDE DE NILREM,F,5,P.Y. VERVA,P.Y. VERVA,D4,2800,0,70000.0,5a9a6a9a8a(25)2a1a7a4a,,,0.15865985397558635,0.05016476767859468,0,0,0,,7.4,0.36363637,11,0.28457814,0.3529412,17,0,2
2026-09-28,5,2,LE CROISE LAROCHE,GRAND PRIX LA VOIX DU NORD,17:05,1790615100000,VOLTE,2800,4,LUMIERE DAIRPET,F,5,Q. MICHEL,CH. MOTTIER,PA_DP,2800,0,72060.0,Da2a1aDa1aDaDa7mDa4a,,,0.11163754852674616,0.03245855171734063,0,0,0,,5.2,0.0,6,0.16981132,,0,0,2
2026-09-28,5,2,LE CROISE LAROCHE,GRAND PRIX LA VOIX DU NORD,17:05,1790615100000,VOLTE,2800,5,LOU PRESTANCE,H,5,D. LOCQUENEUX,D. LOCQUENEUX,FERRE,2800,0,74335.0,2aDa4a3a0a5a0a7a1a1a,,,0.06062100292869523,0.015423170852824722,0,0,0,,6.0,0.2857143,14,0.2902098,0.375,8,0,0
2026-09-28,5,2,LE CROISE LAROCHE,GRAND PRIX LA VOIX DU NORD,17:05,1790615100000,VOLTE,2800,6,LYNX DU SAPTEL,H,5,M. VERVA,P.Y. VERVA,PA,2800,0,76380.0,2a2a6a9a6a4a5a3a(25)9a,,,0.07687209866952309,0.016256306570948658,0,0,0,,5.0,0.0,3,0.17243059,0.2857143,7,1,4
2026-09-28,5,2,LE CROISE LAROCHE,GRAND PRIX LA VOIX DU NORD,17:05,1790615100000,VOLTE,2800,7,LIBERTANGO,H,5,DAVID LEFEVRE,J.R. DELLIAUX,P4,2800,0,76645.0,7a2a5a5a2a1a4a4a2a1a,,,0.13862338418588946,0.0375958398967035,0,0,0,,4.2,,0,0.13554634,0.0,1,0,1
2026-09-28,5,2,LE CROISE LAROCHE,GRAND PRIX LA VOIX DU NORD,17:05,1790615100000,VOLTE,2800,8,LUCIOLE DU VERTAIN,F,5,G. D'HAENENS,L. ROELENS,D4,2800,0,78385.0,6a9a6a7a6a4m6a9a4a0a,,,0.08615717350087555,0.016076160253771843,0,0,0,,6.8,0.0952381,21,0.30204082,0.0,3,0,1
2026-09-28,5,2,LE CROISE LAROCHE,GRAND PRIX LA VOIX DU NORD,17:05,1790615100000,VOLTE,2800,9,LETIKALIN,H,5,J.R. DECLERCQ,J.R. DECLERCQ,PA,2825,25,97335.0,3a6a0a3a2a7a2a6a(25)1a,,,0.08986183265721732,0.017434824068244658,0,0,0,,4.8,0.0,3,0.11388889,0.36363637,11,1,4
2026-09-28,5,2,LE CROISE LAROCHE,GRAND PRIX LA VOIX DU NORD,17:05,1790615100000,VOLTE,2800,10,LE VOYOU D'ALMO,M,5,CH. HESLOUIN,CH. HESLOUIN,PA_DP,2825,25,115315.0,8aDa(25)7m8a7mDm5m0a(24),,,0.19488937414745358,0.05882224125096828,0,0,0,,8.2,0.0,2,0.24497992,0.25,8,1,2
2026-09-28,5,2,LE CROISE LAROCHE,GRAND PRIX LA VOIX DU NORD,17:05,1790615100000,VOLTE,2800,11,LOVELY DU VALLON,F,5,M. GOETZ,V. RENAULT,D4,2825,25,115340.0,6aDa6a3a0a9m4a(25)4a0a,,,0.21163042828612857,0.06270439457620404,0,0,0,,7.2,0.25,12,0.29777777,0.0,1,1,2
2026-09-28,5,2,LE CROISE LAROCHE,GRAND PRIX LA VOIX DU NORD,17:05,1790615100000,VOLTE,2800,12,LUSANIO DE WARNOC,M,5,J.M. CHAINEUX,J.M. CHAINEUX,PA,2825,25,127125.0,1aDa2a2a1a2a6a(25)6a2a,,,0.16615879730883945,0.04291663588524871,0,0,0,70600.0,3.4,0.5,6,0.21383648,,0,1,5
2026-09-28,5,2,LE CROISE LAROCHE,GRAND PRIX LA VOIX DU NORD,17:05,1790615100000,VOLTE,2800,13,LEWIS RIVER,M,5,P.PH. PLOQUIN,S. GUARATO,D4,2825,25,162450.0,2a3a4a0aDa6a2a2aDa6a,,,0.32842491040647664,0.12939460016554497,0,0,0,,6.0,0.14285715,14,0.28186062,0.71428573,7,0,0
2026-09-28,5,2,LE CROISE LAROCHE,GRAND PRIX LA VOIX DU NORD,17:05,1790615100000,VOLTE,2800,14,LOUVE DE REVE D'OR,F,5,A. LAY POTTIER,M. SASSIER,FERRE,2850,50,184098.0,0a3a0a(25)0aDa2aDm5a9a,,,0.010541448041448041,0.004123769334936121,0,0,0,,8.8,0.0,1,0.10204082,,0,0,0
2026-09-28,5,3,LE CROISE LAROCHE,PRIX CROISE-LAROCHE.FR,17:37,1790617020000,AUTOSTART,2700,1,KRACDARCHE,H,6,G. D'HAENENS,Vitale CIOTOLA,FERRE,2700,0,63932.0,3a7m3a5a4m7a9a4a0a1a,,,0.0710964127041573,0.0166278578222868,0,0,0,,4.4,0.14285715,7,0.30081302,0.0,2,3,7
2026-09-28,5,3,LE CROISE LAROCHE,PRIX CROISE-LAROCHE.FR,17:37,1790617020000,AUTOSTART,2700,2,KLYDE GALAA,H,6,Mme M.K. DUVAL,B. MARIE,D4,2700,0,66225.0,7a3m5a1a1a1m2a8a8a3a,,,0.19884337742026906,0.07189216469602604,0,0,0,,3.4,0.42857143,7,0.12345679,0.5,2,0,2
2026-09-28,5,3,LE CROISE LAROCHE,PRIX CROISE-LAROCHE.FR,17:37,1790617020000,AUTOSTART,2700,3,KILLY D'IRATY,H,6,V. HERARD,J. HERARD,P4,2700,0,67705.0,2a7a0a2aDa6a4a4aDa3a,,,0.11971411136516595,0.03321876507959554,0,0,0,,6.4,0.0,1,0.12280702,0.33333334,3,1,2
2026-09-28,5,3,LE CROISE LAROCHE,PRIX CROISE-LAROCHE.FR,17:37,1790617020000,AUTOSTART,2700,4,KIRSCH DES PRES,H,6,TH. BIZOUX,ET. LEFRANC,D4,2700,0,66330.0,8a2a0a2a6a4a4a1a2a(25),,,0.19166657968521114,0.08744554633029455,0,0,0,,5.6,0.42857143,7,0.139738,0.6666667,3,0,1
2026-09-28,5,3,LE CROISE LAROCHE,PRIX CROISE-LAROCHE.FR,17:37,1790617020000,AUTOSTART,2700,5,KEL DIABLO ERGEE,H,6,P. DEVESLY,ST. MEUNIER,D4,2700,0,68350.0,2a5a8a5a7a3a5a8a0a6a,,,0.13835572335846122,0.03417053037746664,0,0,0,,5.4,0.31578946,19,0.14285715,0.0,2,0,0
2026-09-28,5,3,LE CROISE LAROCHE,PRIX CROISE-LAROCHE.FR,17:37,1790617020000,AUTOSTART,2700,6,KEL BAMBOIS,H,6,G. DESPREZ,D. MOES,D4,2700,0,64480.0,6aDa1a1a8a1a8a4a(25)2a,,,0.21170384281375865,0.08789571287555215,0,0,0,,5.4,0.2,5,0.25543478,0.0,1,0,4
2026-09-28,5,3,LE CROISE LAROCHE,PRIX CROISE-LAROCHE.FR,17:37,1790617020000,AUTOSTART,2700,7,KYRIELLE JOMUNA,F,6,T. THURMES,Pavel TAMSIN,FERRE,2700,0,66150.0,Da0a1aDaDa5aDaDa1a2a,,,0.08142250772477932,0.022461409780887,0,0,0,,8.8,0.25,20,0.19393939,,0,4,12
2026-09-28,5,3,LE CROISE LAROCHE,PRIX CROISE-LAROCHE.FR,17:37,1790617020000,AUTOSTART,2700,8,KESA DES THIRONS,F,6,W. DEVENNE,PH. DAUGEARD,DP,2700,0,66465.0,4a2a7a5a4a4a3a3a5aDa,,,0.11316303989345862,0.029082263685250326,0,0,0,,4.4,0.14285715,7,0.1875,0.5,2,0,3
2026-09-28,5,3,LE CROISE LAROCHE,PRIX CROISE-LAROCHE.FR,17:37,1790617020000,AUTOSTART,2700,9,KIKLOVE ATOUT,H,6,D. THIEFAINE,J. KOUBICHE,D4,2700,0,63915.0,5a8a2a2a3a1a5a3a6a5a,,,0.17923662613166313,0.0556980542572434,0,0,0,,4.0,0.5,2,0.17486338,0.33333334,3,0,3
2026-09-28,5,3,LE CROISE LAROCHE,PRIX CROISE-LAROCHE.FR,17:37,1790617020000,AUTOSTART,2700,10,KEOPS DU RABUTIN,H,6,L. PITON,Mme G. MASSCHAELE,DP,2700,0,60840.0,4aDa5a6a8a4a3aDa2a0a,,,0.054513390662323746,0.010991226516649645,0,0,0,,6.8,0.0,2,0.16302952,,0,0,4
2026-09-28,5,3,LE CROISE LAROCHE,PRIX CROISE-LAROCHE.FR,17:37,1790617020000,AUTOSTART,2700,11,KEVIVE DE MAIL,F,6,LORIS BIZOUX,A. CLERIN,D4,2700,0,62405.0,0a9a9a0aDa0a6a4a7aDa,,,0.039077534578936805,0.007435548315366557,0,0,0,72300.0,9.8,0.1764706,17,0.17363344,,0,0,1
2026-09-28,5,3,LE CROISE LAROCHE,PRIX CROISE-LAROCHE.FR,17:37,1790617020000,AUTOSTART,2700,12,KATYLAND,F,6,A. BESCHER,M. SASSIER,D4,2700,0,63825.0,2aDa5a(25)2a4a9a(24)DaDa,,,0.19119409270710785,0.07191956774082083,0,0,0,,4.8,0.6,5,0.14444445,,0,0,0
2026-09-28,5,3,LE CROISE LAROCHE,PRIX CROISE-LAROCHE.FR,17:37,1790617020000,AUTOSTART,2700,13,KOBALT APPLE,H,6,I. KROUCHI,G. LIGERON,DA,2700,0,59695.0,7mDaDm5mDaDaDa2a2a3a,,,0.061712413910054165,0.013918715280036855,0,0,0,73400.0,9.0,,0,0.14084508,,0,0,0
2026-09-28,5,3,LE CROISE LAROCHE,PRIX CROISE-LAROCHE.FR,17:37,1790617020000,AUTOSTART,2700,14,KALIFORNIE,F,6,R. HOJKA,B. HOJKA,DA,2700,0,57405.0,7a9a1a6a0a8a5a7a6a3a,,,0.014157722234724585,0.001438331535418914,0,0,0,73900.0,6.6,0.0,1,0.0,,0,0,0
2026-09-28,5,3,LE CROISE LAROCHE,PRIX CROISE-LAROCHE.FR,17:37,1790617020000,AUTOSTART,2700,15,KETTINA DU CYGNE,F,6,L. LHOTE,M. VARIN,D4,2700,0,59425.0,3a4a1a6a8a3a6aDa8a0a,,,0.036295226590322804,0.010991226516649645,0,0,0,,4.4,0.0,3,0.018518519,,0,0,3
2026-09-28,5,3,LE CROISE LAROCHE,PRIX CROISE-LAROCHE.FR,17:37,1790617020000,AUTOSTART,2700,16,KYROC D'ERPION,H,6,P. VERVA,J.M. CHAINEUX,D4,2700,0,59800.0,Da0a9a6a1a5a7a3a4a9a,,,0.07029245720544143,0.021800995610401584,0,0,0,,7.4,0.1904762,21,0.09677419,0.0,1,5,11
2026-09-28,5,4,LE CROISE LAROCHE,PRIX DE FACHES-THUMESNIL,18:07,1790618820000,VOLTE,2825,1,KRACK JIHESSE,H,6,Mlle S. BRETHEAU,Mme M. GIBON,FERRE,2825,0,20220.0,3a9a0a4a0a0a(25)DmDaDa,,,0.010332228108540037,0.0,0,0,0,,7.2,0.0,4,0.0,,0,0,0
2026-09-28,5,4,LE CROISE LAROCHE,PRIX DE FACHES-THUMESNIL,18:07,1790618820000,VOLTE,2825,2,KALOU DE TESS,H,6,LILIAN BERTIN,A. CLERIN,PA_DP,2825,0,39110.0,9m5m4m5m5m5m2mDm2m8a,,,0.1246082137573286,0.028051459763254682,0,0,0,,5.6,,0,0.21625164,1.0,1,0,1
2026-09-28,5,4,LE CROISE LAROCHE,PRIX DE FACHES-THUMESNIL,18:07,1790618820000,VOLTE,2825,3,KLARA JACK,F,6,M. GRUMETZ,M. VERVA,D4,2825,0,39235.0,6m0a(25)3m5m2mDa0aDa4m,,,0.1565761617421749,0.03166067386025112,0,0,0,,5.2,0.33333334,15,0.19220056,0.6666667,3,2,6
2026-09-28,5,4,LE CROISE LAROCHE,PRIX DE FACHES-THUMESNIL,18:07,1790618820000,VOLTE,2825,4,KENTUCKY SCARLET,H,6,L. PITON,L. FERRO,DP,2825,0,48690.0,2m6aAa8a8aDaDa0a(25)6a,,,0.09878492148135393,0.032548361113705786,0,0,0,,7.0,0.25,4,0.16282052,0.0,1,0,0
2026-09-28,5,4,LE CROISE LAROCHE,PRIX DE FACHES-THUMESNIL,18:07,1790618820000,VOLTE,2825,5,LE CADOR DE SIMM,H,5,Mme L. FAUCHON,H. VAN DEN HENDE,D4,2825,0,51300.0,0m0aDm8m3mDmDmDm(25)Dm,,,0.14227016912285317,0.038891645287099326,0,0,0,,8.4,0.41666666,12,0.16107382,,0,0,0
2026-09-28,5,4,LE CROISE LAROCHE,PRIX DE FACHES-THUMESNIL,18:07,1790618820000,VOLTE,2825,6,LAUVERGNIER,H,5,O. PLACIER,K. LEBLANC,PA,2825,0,51770.0,5a1m7a4a5aDa4a1a4a5a,,,0.1349379560168702,0.049118804395741573,0,0,0,,4.4,,0,0.21303657,,0,0,0
2026-09-28,5,4,LE CROISE LAROCHE,PRIX DE FACHES-THUMESNIL,18:07,1790618820000,VOLTE,2825,7,LUNA DE JOUDES,F,5,P.Y. VERVA,A. LAURENT,D4,2825,0,63430.0,4m8aDa0a1a4a6aDaDaDa,,,0.2693637034986268,0.1093284999336188,0,0,0,,6.8,0.33333334,9,0.28452894,0.0,1,1,1
2026-09-28,5,4,LE CROISE LAROCHE,PRIX DE FACHES-THUMESNIL,18:07,1790618820000,VOLTE,2825,8,LOU D'ECROVILLE,F,5,TH. DROMIGNY,B. MARIE,D4,2825,0,66980.0,0aDmDm8a9a5mDm1a6aDm,,,0.12351245985938364,0.03486748215841467,0,0,0,,9.8,0.13636364,22,0.23225096,,0,0,0
2026-09-28,5,4,LE CROISE LAROCHE,PRIX DE FACHES-THUMESNIL,18:07,1790618820000,VOLTE,2825,9,LOOK DU PARCQ,H,5,F. DESMIGNEUX,J. KOUBICHE,D4,2825,0,69955.0,0a7m1mDa8a(25)5m8m2m1m,,,0.25190160919827753,0.10470846525966356,0,0,0,,7.4,0.41666666,12,0.21876833,0.45454547,11,1,4
2026-09-28,5,4,LE CROISE LAROCHE,PRIX DE FACHES-THUMESNIL,18:07,1790618820000,VOLTE,2825,10,KINGALO DU CHENE,H,6,P.PH. PLOQUIN,J. LE MER,DA,2825,0,70750.0,4m4m3mDm2m(25)Dm1m3mDm,,,0.30296986610288246,0.12860762142222132,0,0,0,,4.8,0.0,1,0.2818119,0.33333334,18,0,0
2026-09-28,5,4,LE CROISE LAROCHE,PRIX DE FACHES-THUMESNIL,18:07,1790618820000,VOLTE,2825,11,L'INTOUCHABLE,H,5,M. LELIEVRE,TANGUY DEVOUASSOUX,D4,2825,0,71655.0,0a8a5m5a0a7aDa7a5a5a,,,0.13391818749786175,0.04942403858016207,0,0,0,,7.6,0.0,8,0.22494432,,0,1,4
2026-09-28,5,4,LE CROISE LAROCHE,PRIX DE FACHES-THUMESNIL,18:07,1790618820000,VOLTE,2825,12,KAMES MERITE,H,6,W. DERSOIR-HABIB,M. VARIN,D4,2825,0,71850.0,Dm3mDm3mDm0aDmDmDm4m,,,0.15856593438269398,0.05984415235671956,0,0,0,,7.8,0.29411766,17,0.23519164,,0,0,0
2026-09-28,5,4,LE CROISE LAROCHE,PRIX DE FACHES-THUMESNIL,18:07,1790618820000,VOLTE,2825,13,KAP NORMAND,H,6,E. DE JESUS,J.Y. MARECHAL,D4,2825,0,72220.0,0a5a3a3a8m9a0a8aDa0a,,,0.13322328714195428,0.03278023056153745,0,0,0,,5.8,0.34615386,26,0.21451929,,0,3,6
2026-09-28,5,4,LE CROISE LAROCHE,PRIX DE FACHES-THUMESNIL,18:07,1790618820000,VOLTE,2825,14,LOVER SIXTY ONE,H,5,A. COLLETTE,A. DUPERCHE,PA_DP,2825,0,73800.0,1mDaDa0a9a3aDa8a(25)Da,,,0.1707009671602746,0.06471856293306201,0,0,0,,8.4,0.0,1,0.23956302,,0,0,0
2026-09-28,5,4,LE CROISE LAROCHE,PRIX DE FACHES-THUMESNIL,18:07,1790618820000,VOLTE,2825,15,JOUR DES RACQUES,H,7,Mme H. HUYGENS,G. CELIS,D4,2825,0,74660.0,Da0a5a0a4a9a0a(25)1a0a,,,0.15200575643775124,0.043422026660390266,0,0,0,,8.0,0.5,2,0.1769663,,0,0,1
2026-09-28,5,5,LE CROISE LAROCHE,PRIX DE LOOS,18:37,1790620620000,AUTOSTART,2700,1,MAMBO DU VIVIER,H,4,MARC MOES,D. MOES,DP,2700,0,22085.0,1a4a4a4a(25)6a3a8aDa1a,,,0.23474457007554259,0.0584058956026611,0,1,0,74900.0,3.8,,0,0.15346535,0.33333334,6,2,6
2026-09-28,5,5,LE CROISE LAROCHE,PRIX DE LOOS,18:37,1790620620000,AUTOSTART,2700,2,MONTROSE VERGNIER,M,4,A. COLLETTE,K. LEBLANC,D4,2700,0,22395.0,4a(25)6a1a4a1a5a,,,0.30247377038269024,0.13205267798202638,0,0,0,,3.2,0.0,1,0.23951629,0.0,1,0,0
2026-09-28,5,5,LE CROISE LAROCHE,PRIX DE LOOS,18:37,1790620620000,AUTOSTART,2700,3,MITRI SALIBA,M,4,Q. MICHEL,CH. MOTTIER,PA_DP,2700,0,20720.0,1a4aDa1a(25)3a2a4a,,,0.28983094952656924,0.09089459790946175,0,0,0,,4.0,0.5,2,0.16901408,,0,0,0
2026-09-28,5,5,LE CROISE LAROCHE,PRIX DE LOOS,18:37,1790620620000,AUTOSTART,2700,4,MY WAY D'ALB,M,4,J.F. SENET,J.F. SENET,DP,2700,0,22935.0,2aDaDaDaDa4a(25)2a2a2a,,,0.17652055651433904,0.04867015029357519,0,1,0,76300.0,9.2,,0,0.21115746,1.0,1,0,0
2026-09-28,5,5,LE CROISE LAROCHE,PRIX DE LOOS,18:37,1790620620000,AUTOSTART,2700,5,MAESTRO DE LOU,H,4,J.R. DECLERCQ,A. DUPERCHE,D4,2700,0,21565.0,7a8a6a2aDa6aDa7a9a(25),,,0.20158630653830226,0.054696202974786036,0,0,0,,6.8,0.0,1,0.11357341,0.33333334,3,0,0
2026-09-28,5,5,LE CROISE LAROCHE,PRIX DE LOOS,18:37,1790620620000,AUTOSTART,2700,6,MAXIMUS DU DOME,M,4,PH. DAUGEARD,PH. DAUGEARD,FERRE,2700,0,20850.0,1a6a4aDaDa4a(25)1a3a2a,,,0.26406986099502855,0.11417196684010379,0,0,0,,6.6,0.5,6,0.30097088,0.5,6,0,0
2026-09-28,5,5,LE CROISE LAROCHE,PRIX DE LOOS,18:37,1790620620000,AUTOSTART,2700,7,MARIO DU CAIEU,H,4,J. KOUBICHE,J. KOUBICHE,FERRE,2700,0,22670.0,4a9a5a6a1a9a(25)3a2a9a,,,0.15127774804488447,0.04177899755919009,0,0,0,,5.0,0.5714286,7,0.19741565,0.5,10,2,3
2026-09-28,5,5,LE CROISE LAROCHE,PRIX DE LOOS,18:37,1790620620000,AUTOSTART,2700,8,MOONLIGHT ATOUT,H,4,P.Y. VERVA,J. KOUBICHE,D4,2700,0,21580.0,4a3a8a3mDa1a(25)2a9a1a,,,0.2878792395608492,0.11322892680058273,0,0,0,,5.8,0.25,4,0.28447977,,0,1,1
2026-09-28,5,5,LE CROISE LAROCHE,PRIX DE LOOS,18:37,1790620620000,AUTOSTART,2700,9,MURANO DU GANEP,H,4,O. BIZOUX,O. BIZOUX,D4,2700,0,19655.0,1a7aDa4a2a8a4a9a3a0a,,,0.05811328839004424,0.010191425477756139,0,0,0,,5.0,0.0,4,0.14840989,0.16666667,6,1,3
2026-09-28,5,5,LE CROISE LAROCHE,PRIX DE LOOS,18:37,1790620620000,AUTOSTART,2700,11,MISTER DE HOUELLE,H,4,P.PH. PLOQUIN,K. LEBLANC,D4,2700,0,17270.0,DmDa4a2m2aDa3a4a(25)5a,,,0.16218343810665883,0.05742636551323107,0,0,0,,6.0,0.25,4,0.28176317,,0,0,2
2026-09-28,5,5,LE CROISE LAROCHE,PRIX DE LOOS,18:37,1790620620000,AUTOSTART,2700,12,MILORD D'URZY,M,4,M. VERVA,R. KUIPER,DA,2700,0,19575.0,1aDa3aDa1aDa2a(25)Da5a,,,0.07409490484993077,0.014147576039712556,0,0,1,,5.4,,0,0.17234664,,0,0,0
2026-09-28,5,5,LE CROISE LAROCHE,PRIX DE LOOS,18:37,1790620620000,AUTOSTART,2700,13,MYSTERIOUS LOVE,H,4,E. HERBEAU,Mlle C. LECLERCQ,FERRE,2700,0,20215.0,DaDa9a9a2a3aDa8aDa(25),,,0.047169652340184505,0.007494735147699382,0,0,0,,8.4,0.2,10,0.13929313,0.33333334,12,1,2
2026-09-28,5,6,LE CROISE LAROCHE,PRIX DE WATTRELOS,19:07,1790622420000,VOLTE,2825,1,MENTIONNAL,M,4,O. PLACIER,Julien RAFFESTIN,DP,2825,0,1355.0,6mDm6m9a5aDa,,,0.07565746572791765,0.019552233640624847,0,0,0,,7.4,0.0,2,0.21269841,,0,0,1
2026-09-28,5,6,LE CROISE LAROCHE,PRIX DE WATTRELOS,19:07,1790622420000,VOLTE,2825,2,MIDI DE GUERINIERE,H,4,TH. DROMIGNY,K. VANDEMOORTELE,D4,2825,0,8180.0,DaDa8aDa4a5a1a(25)Da6a,,,0.15182417825634087,0.041710756810319154,0,0,0,0.0,9.0,0.25,4,0.23212321,,0,0,0
2026-09-28,5,6,LE CROISE LAROCHE,PRIX DE WATTRELOS,19:07,1790622420000,VOLTE,2825,3,MY QUEEN DELO,F,4,M. LELIEVRE,L. VERVA,FERRE,2825,0,18190.0,9aDa8a6a7a6a4a3a7a(25),,,0.06124036016293583,0.013449147084793877,0,0,0,,8.2,0.14285715,14,0.22444445,,0,0,0
2026-09-28,5,6,LE CROISE LAROCHE,PRIX DE WATTRELOS,19:07,1790622420000,VOLTE,2825,4,MISS LOVE BERRY,F,4,A. COLLETTE,K. LEBLANC,PA_DP,2825,0,18350.0,9a0a4aDa1a(25)8aDa9a1a,,,0.24464684228527644,0.10066786762898831,0,0,0,,7.0,0.33333334,3,0.23946957,0.0,1,0,0
2026-09-28,5,6,LE CROISE LAROCHE,PRIX DE WATTRELOS,19:07,1790622420000,VOLTE,2825,5,MON ROYAUME,H,4,P.Y. VERVA,M. VERVA,DP,2825,0,20485.0,Da2a4aDa1a4a5a5a(25)5a,,,0.19937489997291338,0.07272019836344486,0,0,0,,5.8,,0,0.28443062,,0,0,0
2026-09-28,5,6,LE CROISE LAROCHE,PRIX DE WATTRELOS,19:07,1790622420000,VOLTE,2825,6,MISTIGRI JIBE,H,4,LILIAN BERTIN,A.PH. GRIMAULT,FERRE,2825,0,23550.0,2mDmDmDm2m1m1mDmDa(25),,,0.2665075395982623,0.10554362180142145,0,0,0,,7.4,0.33333334,6,0.21596858,0.5,4,0,0
2026-09-28,5,6,LE CROISE LAROCHE,PRIX DE WATTRELOS,19:07,1790622420000,VOLTE,2825,7,MAMZELLE DU HOULET,F,4,A. THOLLAS,Ch. NICOLE,PA_DP,2825,0,25900.0,8mDa6a2m5a3a5a3a3a(25),,,0.1249282429740266,0.025771133648162355,0,0,0,,6.4,,0,0.086021505,,0,1,2
2026-09-28,5,6,LE CROISE LAROCHE,PRIX DE WATTRELOS,19:07,1790622420000,VOLTE,2825,8,MILORD DES ARRIS,H,4,F. DESMIGNEUX,V. LEBARQUE,D4,2825,0,27360.0,3m5m3m8m0a6m1mDm4m4m,,,0.24207439364714012,0.07971864850835575,0,0,0,,5.8,0.0,3,0.2187042,0.0,1,0,1
2026-09-28,5,6,LE CROISE LAROCHE,PRIX DE WATTRELOS,19:07,1790622420000,VOLTE,2825,9,MAMBO BLANC,H,4,P.PH. PLOQUIN,K. LEBLANC,D4,2825,0,28205.0,4mDm6mDm7mDm1m3m(25)1m,,,0.3828067772398998,0.20170276273175428,1,0,0,,7.8,,0,0.28171447,,0,0,0
2026-09-28,5,6,LE CROISE LAROCHE,PRIX DE WATTRELOS,19:07,1790622420000,VOLTE,2825,10,MAGIC DE TILLARD,H,4,Mme L. FAUCHON,V. RENAULT,D4,2825,0,30455.0,5m5m2m3m5m0a4a6a(25)2a,,,0.24359323704928867,0.059146928223720176,0,0,0,,4.0,0.0,4,0.16,0.33333334,3,0,0
2026-09-28,5,6,LE CROISE LAROCHE,PRIX DE WATTRELOS,19:07,1790622420000,VOLTE,2825,11,MARSTON VICTORY,H,4,M. GRUMETZ,A. MUIDEBLED,D4,2825,0,31035.0,0a3a0a6a2a2a1a0a2a(25),,,0.17993851763553045,0.05713736351016021,0,0,0,,6.2,0.25,4,0.19166666,,0,0,0
2026-09-28,5,6,LE CROISE LAROCHE,PRIX DE WATTRELOS,19:07,1790622420000,VOLTE,2825,12,MADRILENE,F,4,Mme H. HUYGENS,Mme G. MASSCHAELE,PA_DP,2825,0,31360.0,7a7a0a7a0a7a2a(25)9a1a,,,0.13192074915692817,0.028168409941692184,0,0,0,,8.2,,0,0.1764706,,0,0,0
2026-09-28,5,7,LE CROISE LAROCHE,PRIX DE SECLIN,19:32,1790623920000,VOLTE,2825,1,NATIVE SON DELO,M,3,CH. MARTENS,Sté. Ent. Christophe MARTENS,FERRE,2825,0,0.0,,,,0.23861841793013364,0.09117917647136493,0,0,0,,,,0,0.36336207,,0,0,0
2026-09-28,5,7,LE CROISE LAROCHE,PRIX DE SECLIN,19:32,1790623920000,VOLTE,2825,2,NOE DES MONTS,H,3,G. GELORMINI,F. LERCIER,P4,2825,0,5850.0,3a2aDaDa6a0a9aDa,,,0.1083932597269582,0.030061522483289155,0,0,0,,6.6,0.0,1,0.27087873,0.0,1,0,1
2026-09-28,5,7,LE CROISE LAROCHE,PRIX DE SECLIN,19:32,1790623920000,VOLTE,2825,3,NO GAME NO LIFE,H,3,J.CH. PITON,J.CH. PITON,P4,2825,0,6010.0,6a3a2a,,,0.12449660741893569,0.031737862737093864,0,0,0,,3.6666667,,0,0.15756541,0.0,2,0,1
2026-09-28,5,7,LE CROISE LAROCHE,PRIX DE SECLIN,19:32,1790623920000,VOLTE,2825,4,NINJA DU POMMEAU,M,3,R. FEELDERS,R. FEELDERS,FERRE,2825,0,6230.0,3a2a,,,0.40609373816011635,0.1607171746252487,0,0,0,,2.5,0.5,2,0.3043478,0.5,2,0,0
2026-09-28,5,7,LE CROISE LAROCHE,PRIX DE SECLIN,19:32,1790623920000,VOLTE,2825,5,NEROS DU CHENE,H,3,J.R. DECLERCQ,J.R. DECLERCQ,FERRE,2825,0,6250.0,1a7a5aDa,,,0.1132507055297756,0.02174576157963065,0,0,0,,6.0,,0,0.113259666,,0,0,0
2026-09-28,5,7,LE CROISE LAROCHE,PRIX DE SECLIN,19:32,1790623920000,VOLTE,2825,6,NOE DU BLEQUIN,H,3,M. VERVA,G. VERVA,P4,2825,0,6250.0,1aDmDaDaDaDaDm5m,,,0.11133732333984153,0.040591200109032825,0,0,0,,9.0,,0,0.17226277,,0,0,1
2026-09-28,5,7,LE CROISE LAROCHE,PRIX DE SECLIN,19:32,1790623920000,VOLTE,2825,7,NIMBUS DU NORD,M,3,P.Y. VERVA,R. KUIPER,FERRE,2825,0,6625.0,2aDaDaDa2a,,,0.17334875202011749,0.06023032237659834,0,0,0,,7.4,0.0,2,0.28438148,,0,0,0
2026-09-28,5,7,LE CROISE LAROCHE,PRIX DE SECLIN,19:32,1790623920000,VOLTE,2825,8,NIJINSKY JAMES,H,3,LAURENT VERVA,L. VERVA,FERRE,2825,0,6640.0,2a5a3a4a,,,0.15230707736525292,0.033801537378394676,0,0,0,,3.5,,0,0.15849844,,0,0,0
2026-09-28,5,7,LE CROISE LAROCHE,PRIX DE SECLIN,19:32,1790623920000,VOLTE,2825,9,NEO SAINT LOUP,H,3,J.F. SENET,J.F. SENET,FERRE,2825,0,6730.0,2a6a5a3aDaDa,,,0.14641312274199872,0.031737862737093864,0,0,0,,5.4,,0,0.21104743,,0,0,0
2026-09-28,5,7,LE CROISE LAROCHE,PRIX DE SECLIN,19:32,1790623920000,VOLTE,2825,10,NADJA TER BLEKTE,H,3,ANDREA ROUSSEL,P. VAN ACHTER,FERRE,2825,0,6825.0,4a1a,,,0.2098024261892393,0.05326804892332123,0,0,0,,2.5,0.0,1,0.21933086,0.0,1,0,1
2026-09-28,5,7,LE CROISE LAROCHE,PRIX DE SECLIN,19:32,1790623920000,VOLTE,2825,11,NICKELBACK,H,3,T. THURMES,M. MOTTIER,PA,2825,0,6982.0,DaDa1a5aDmDa,,,0.2037145437373676,0.0609504855390286,0,0,0,,7.8,0.0,3,0.19277108,0.0,2,0,0
2026-09-28,5,7,LE CROISE LAROCHE,PRIX DE SECLIN,19:32,1790623920000,VOLTE,2825,12,NORDIC VICKING,H,3,PH. DAUGEARD,PH. DAUGEARD,FERRE,2825,0,7395.0,6aDa1a4aDa,,,0.26662401199221336,0.09385205758229753,0,0,0,,6.6,,0,0.30074626,,0,0,0
2026-09-28,7,1,CAEN,PRIX D'AMBLIE (GR A),07:00,1790578800000,AUTOSTART,2200,1,NYLS DU POMMEREUX,H,3,S. ROGER,S. ROGER,FERRE,2200,0,350.0,Da6aDa7aDaDaDaDaDa9a,,,0.08913515368565551,0.01699249429039606,0,0,0,,9.2,,0,0.16458853,,0,0,0
2026-09-28,7,1,CAEN,PRIX D'AMBLIE (GR A),07:00,1790578800000,AUTOSTART,2200,2,NOUKY TOLLEVILLE,H,3,E. SZIRMAY,E. SZIRMAY,FERRE,2200,0,825.0,Da8aDa0a8a5a,,,0.10173352560732292,0.017722569878935807,0,0,0,,9.6,0.0,4,0.17555939,0.0,4,0,0
2026-09-28,7,1,CAEN,PRIX D'AMBLIE (GR A),07:00,1790578800000,AUTOSTART,2200,3,NORBERT CIBEL,M,3,J. GRUMETZ,J. GRUMETZ,FERRE,2200,0,125.0,Da7a0a8a,,,0.08665236101247092,0.015075200727067807,0,0,0,,9.0,,0,0.09565217,,0,0,0
2026-09-28,7,1,CAEN,PRIX D'AMBLIE (GR A),07:00,1790578800000,AUTOSTART,2200,4,NIGLO DE BELLANDE,M,3,Y. LEBOURGEOIS,B. GOGLIN,P4,2200,0,700.0,5a,,,0.32906327266177343,0.1724584468331527,0,0,0,,5.0,,0,0.33578095,,0,0,0
2026-09-28,7,1,CAEN,PRIX D'AMBLIE (GR A),07:00,1790578800000,AUTOSTART,2200,5,NUTY DE LA MOIRE,M,3,R. CORBIN,R. CORBIN,FERRE,2200,0,0.0,Da,,,0.12528019352767852,0.04466888012664299,0,0,0,,11.0,,0,0.24822696,,0,0,0
2026-09-28,7,1,CAEN,PRIX D'AMBLIE (GR A),07:00,1790578800000,AUTOSTART,2200,6,NEO MIO,H,3,CEDRIC TERRY,J. GRUMETZ,P4,2200,0,980.0,DaDm8aDmDa5a6a,,,0.14729130309362043,0.04879437357609401,0,0,0,,10.4,,0,0.21010426,,0,0,0
2026-09-28,7,1,CAEN,PRIX D'AMBLIE (GR A),07:00,1790578800000,AUTOSTART,2200,7,NOW YOU LOVE WIND,M,3,L.J. LEGROS,J.M. LEGROS,FERRE,2200,0,0.0,DaDa,,,0.1300606599681967,0.03650059729220537,0,0,0,,11.0,0.0,2,0.23653845,0.0,2,0,0
2026-09-28,7,1,CAEN,PRIX D'AMBLIE (GR A),07:00,1790578800000,AUTOSTART,2200,8,NEW FOX STAR,M,3,G. MOINON,G. MOINON,PA,2200,0,560.0,8aDa6a7a6a8a,,,0.0759533617948579,0.012885560684497277,0,0,0,,7.6,,0,0.09836066,0.0,3,0,0
2026-09-28,7,1,CAEN,PRIX D'AMBLIE (GR A),07:00,1790578800000,AUTOSTART,2200,9,NURAC ROCQ VALFORG,H,3,J. TRAVERS,P.CH. JEAN,FERRE,2200,0,240.0,6a,,,0.08635700467644285,0.016661240215714693,0,0,0,,6.0,,0,0.13968255,,0,0,0
2026-09-28,7,1,CAEN,PRIX D'AMBLIE (GR A),07:00,1790578800000,AUTOSTART,2200,10,NEWTON STRYCK,M,3,V. COLIGNY,V. COLIGNY,PA,2200,0,0.0,Da8a,,,0.03575583827238704,0.004480395906684205,0,0,0,,9.5,,0,0.0,,0,0,0
2026-09-28,7,1,CAEN,PRIX D'AMBLIE (GR A),07:00,1790578800000,AUTOSTART,2200,11,NENO KUNJI WIND,M,3,E. DE JESUS,R.CH. LARUE,FERRE,2200,0,0.0,Da,,,0.06995498828206502,0.02074454793552001,0,0,0,,11.0,0.0,1,0.21437909,,0,0,0
2026-09-28,7,1,CAEN,PRIX D'AMBLIE (GR A),07:00,1790578800000,AUTOSTART,2200,12,NO LIMIT DU RADON,H,3,D. PUNIERE,D. PUNIERE,PA,2200,0,0.0,Da,,,0.01529315777798671,0.004480395906684205,0,0,0,,11.0,,0,0.032,,0,0,0
2026-09-28,7,1,CAEN,PRIX D'AMBLIE (GR A),07:00,1790578800000,AUTOSTART,2200,13,NICKEL MARANCOURT,H,3,CH. DAGNICOURT,CH. DAGNICOURT,FERRE,2200,0,0.0,Da,,,0.023675218587745007,0.0029275389659468957,0,0,0,,11.0,0.0,1,0.123893805,0.0,1,0,0
2026-09-28,7,1,CAEN,PRIX D'AMBLIE (GR A),07:00,1790578800000,AUTOSTART,2200,14,NIGER,H,3,J.CL. HALLAIS,J.W. HALLAIS,FERRE,2200,0,0.0,9aDa,,,0.06398271926566468,0.007749777205280097,0,0,0,,10.0,0.0,1,0.17964073,0.0,1,0,0
2026-09-28,7,1,CAEN,PRIX D'AMBLIE (GR A),07:00,1790578800000,AUTOSTART,2200,15,NO LIMITS VENESI,H,3,S. BAUDE,A. PACARY,PA,2200,0,0.0,8a,,,0.09167641262953276,0.015361538342850747,0,0,0,,8.0,,0,0.21290323,,0,0,0
2026-09-28,7,1,CAEN,PRIX D'AMBLIE (GR A),07:00,1790578800000,AUTOSTART,2200,16,NONOLETTO,M,3,S. HARDY,S. HARDY,FERRE,2200,0,0.0,DaDaDa,,,0.03964372283482758,0.009239229327322547,0,0,0,,11.0,0.0,2,0.1743615,0.0,2,0,0
2026-09-28,7,1,CAEN,PRIX D'AMBLIE (GR A),07:00,1790578800000,AUTOSTART,2200,17,NESPERADO,H,3,F. TABESSE,F. TABESSE,FERRE,2200,0,0.0,Da,,,0.021133178786609835,0.004995416682527493,0,0,0,,11.0,,0,0.12345679,,0,0,0
2026-09-28,7,1,CAEN,PRIX D'AMBLIE (GR A),07:00,1790578800000,AUTOSTART,2200,18,NAVARO DU CAPRE,H,3,L. ZOLLO,Lorenzo ZOLLO,FERRE,2200,0,0.0,9aDaDa,,,0.026385109409875596,0.004480395906684205,0,0,0,,10.333333,0.0,1,0.2,0.0,1,0,0
2026-09-28,7,2,CAEN,PRIX D'AMBLIE (GR B),07:30,1790580600000,AUTOSTART,2200,1,NOVICE TUILERIE,H,3,LOIC GROUSSARD,LOIC GROUSSARD,FERRE,2200,0,410.0,Da8a7aDaDa6a,,,0.07864614302739038,0.01828671869466154,0,0,0,,9.6,0.0,3,0.1444867,,0,0,0
2026-09-28,7,2,CAEN,PRIX D'AMBLIE (GR B),07:30,1790580600000,AUTOSTART,2200,2,NAPOLI DE LUCINES,M,3,M. BRAULT,J.ET. LE BEC,PA,2200,0,990.0,6aDmDmDm5mDm,,,0.19492971582441823,0.04500388748212592,0,0,0,,8.8,,0,0.13333334,0.0,1,0,0
2026-09-28,7,2,CAEN,PRIX D'AMBLIE (GR B),07:30,1790580600000,AUTOSTART,2200,3,NARDO LATAL,H,3,Mme C. MAUNY,MATHIAS MAUNY,FERRE,2200,0,100.0,Da0a7a,,,0.03560968145355214,0.008500945887951807,0,0,0,81800.0,9.333333,0.0,1,0.11111111,,0,0,0
2026-09-28,7,2,CAEN,PRIX D'AMBLIE (GR B),07:30,1790580600000,AUTOSTART,2200,4,NOUKAT PARC,H,3,Y. LEBOURGEOIS,G. MOINON,PA,2200,0,140.0,7mDa0a,,,0.15030862799935815,0.0513351019291651,0,0,0,,9.333333,0.0,1,0.33572957,,0,0,0
2026-09-28,7,2,CAEN,PRIX D'AMBLIE (GR B),07:30,1790580600000,AUTOSTART,2200,5,NARRATEUR FLEURY,M,3,F. BRIDAULT,F. BRIDAULT,FERRE,2200,0,800.0,DaDa9a6a8aDa8aDa,,,0.09807375357080049,0.023109946782266744,0,0,0,77300.0,9.0,0.0,2,0.12396694,0.0,2,0,0
2026-09-28,7,2,CAEN,PRIX D'AMBLIE (GR B),07:30,1790580600000,AUTOSTART,2200,6,NEVERLAND,M,3,S. BAUDE,P. LEVESQUE,FERRE,2200,0,270.0,6a,,,0.2960160994999692,0.11814456609523015,0,0,0,,6.0,,0,0.21277843,,0,0,0
2026-09-28,7,2,CAEN,PRIX D'AMBLIE (GR B),07:30,1790580600000,AUTOSTART,2200,7,NATIF DU CHAILLOU,H,3,ADRIEN BLANDIN,J. POUTREL,FERRE,2200,0,885.0,6a6a7a6a,,,0.14654237410400417,0.035910946029654285,0,0,0,,6.25,0.0,1,0.18848167,,0,0,0
2026-09-28,7,2,CAEN,PRIX D'AMBLIE (GR B),07:30,1790580600000,AUTOSTART,2200,8,NONANT EFBE,M,3,F. BLANDIN,F. BLANDIN,PA,2200,0,635.0,DaDaDmDa7a7a8aDa7a0a,,,0.0820842618143534,0.013226365066843647,0,0,0,,10.2,0.0,3,0.14893617,0.0,5,0,1
2026-09-28,7,2,CAEN,PRIX D'AMBLIE (GR B),07:30,1790580600000,AUTOSTART,2200,9,NUAGE DU GUIBEL,H,3,F. HEON,F. HEON,FERRE,2200,0,0.0,0a8a,,,0.029687375467746236,0.004480395906684205,0,0,0,,9.0,0.0,1,0.11111111,,0,0,0
2026-09-28,7,2,CAEN,PRIX D'AMBLIE (GR B),07:30,1790580600000,AUTOSTART,2200,10,NICLOVE PHIL,H,3,JEROME DAVID,JEROME DAVID,FERRE,2200,0,0.0,Da,,,0.011605971436068523,0.0023678685033638115,0,0,0,,11.0,,0,0.06122449,,0,0,0
2026-09-28,7,2,CAEN,PRIX D'AMBLIE (GR B),07:30,1790580600000,AUTOSTART,2200,11,NICE BOY BODENSEE,H,3,D. HEON,F. HEON,FERRE,2200,0,0.0,DaDa8aDaDa,,,0.04477499653133651,0.007749777205280097,0,0,0,,10.4,0.0,2,0.15545243,0.0,1,0,0
2026-09-28,7,2,CAEN,PRIX D'AMBLIE (GR B),07:30,1790580600000,AUTOSTART,2200,12,NEROLI D'OURVILLE,M,3,TH. COULON,TH. COULON,FERRE,2200,0,0.0,8aDa,,,0.016240023010566224,0.002724495075111895,0,0,0,,9.5,,0,0.0,,0,0,0
2026-09-28,7,2,CAEN,PRIX D'AMBLIE (GR B),07:30,1790580600000,AUTOSTART,2200,13,NINJA DU HOULME,H,3,J. VILAULT,J. VILAULT,FERRE,2200,0,0.0,Da0a8a8a,,,0.014157722234724585,0.0009983914803927006,0,0,0,,9.25,0.0,3,0.04918033,0.0,2,0,0
2026-09-28,7,2,CAEN,PRIX D'AMBLIE (GR B),07:30,1790580600000,AUTOSTART,2200,14,NAVARRIN DU ROYAL,H,3,D. DULONG,A. PLARD,FERRE,2200,0,0.0,Da,,,0.041441242864077486,0.00892477056774661,0,0,0,,11.0,,0,0.17871486,,0,0,0
2026-09-28,7,2,CAEN,PRIX D'AMBLIE (GR B),07:30,1790580600000,AUTOSTART,2200,15,NO LIMIT TOR,H,3,O. LIENART,O. LIENART,FERRE,2200,0,0.0,Da,,,0.01529315777798671,0.0013769642610097742,0,0,0,,11.0,,0,0.0,,0,0,0
2026-09-28,7,2,CAEN,PRIX D'AMBLIE (GR B),07:30,1790580600000,AUTOSTART,2200,16,NEW MONEY MESLOIS,H,3,E. CIVE,P. BELLOCHE,FERRE,2200,0,0.0,Da9a,,,0.030482028863605497,0.005804255557895048,0,0,0,,10.0,0.0,1,0.109375,,0,0,0
2026-09-28,7,2,CAEN,PRIX D'AMBLIE (GR B),07:30,1790580600000,AUTOSTART,2200,17,NOBILIS D'EP,H,3,L. ZOLLO,Lorenzo ZOLLO,FERRE,2200,0,0.0,9a9aDaDa,,,0.01465476438588574,0.003879539676970772,0,0,0,,10.0,0.0,2,0.18181819,,0,0,0
2026-09-28,7,2,CAEN,PRIX D'AMBLIE (GR B),07:30,1790580600000,AUTOSTART,2200,18,NORMAN BEJI,M,3,E. DE JESUS,G. BEAUFILS,P4,2200,0,0.0,DaDa,,,0.06710979103855627,0.020753300084944942,0,0,0,,11.0,,0,0.21423906,,0,0,0
2026-09-28,7,3,CAEN,PRIX DE CERENCES (GR A),08:00,1790582400000,AUTOSTART,2200,1,NEIGE DEBAILLEUL,F,3,E. SZIRMAY,E. SZIRMAY,FERRE,2200,0,300.0,Da0aDa6a,,,0.06534411213271894,0.012968767018028274,0,0,0,81300.0,9.5,0.0,1,0.17525773,,0,0,0
2026-09-28,7,3,CAEN,PRIX DE CERENCES (GR A),08:00,1790582400000,AUTOSTART,2200,2,NINA DE RICO,F,3,O. LIENART,O. LIENART,FERRE,2200,0,240.0,6a8aDaDa,,,0.039011091805037236,0.004480395906684205,0,0,0,,9.0,0.0,3,0.0,0.0,2,0,0
2026-09-28,7,3,CAEN,PRIX DE CERENCES (GR A),08:00,1790582400000,AUTOSTART,2200,3,NANA DE LA BRETTE,F,3,P. OLLITRAULT,N. BINET,FERRE,2200,0,675.0,Da8aDaDa5a,,,0.10173352560732292,0.019851517529536497,0,0,0,,9.2,0.0,1,0.13496932,0.0,1,0,0
2026-09-28,7,3,CAEN,PRIX DE CERENCES (GR A),08:00,1790582400000,AUTOSTART,2200,4,NACRE BLANCHE,F,3,CEDRIC TERRY,G. CASTEL,PA,2200,0,420.0,6aDaDa,,,0.1546019126514743,0.044559518798686804,0,0,0,,9.333333,0.0,1,0.21002004,,0,0,0
2026-09-28,7,3,CAEN,PRIX DE CERENCES (GR A),08:00,1790582400000,AUTOSTART,2200,5,NORINE D'OCCAGNES,F,3,F. CHRISTOPHE,F. CHRISTOPHE,FERRE,2200,0,960.0,8aDa4a0a,,,0.07463086448060163,0.015075200727067807,0,0,0,,8.25,0.0,1,0.05050505,0.0,1,0,0
2026-09-28,7,3,CAEN,PRIX DE CERENCES (GR A),08:00,1790582400000,AUTOSTART,2200,6,NAYA DU SOUND,F,3,D. HEON,C. TRAVERT,FERRE,2200,0,150.0,7aDa,,,0.07409490484993077,0.011417742313242966,0,0,0,79800.0,9.0,0.0,1,0.1550926,0.0,1,0,0
2026-09-28,7,3,CAEN,PRIX DE CERENCES (GR A),08:00,1790582400000,AUTOSTART,2200,7,NOSTALGIE DE BLAY,F,3,A. RAMAGE,A. DE VAUGIRAUD,FERRE,2200,0,925.0,Dm5m,,,0.1678079473244546,0.04051133172454882,0,0,0,,8.0,0.0,2,0.0,,0,0,2
2026-09-28,7,3,CAEN,PRIX DE CERENCES (GR A),08:00,1790582400000,AUTOSTART,2200,8,NOUMEA DES LANDES,F,3,S. HARDY,S. HARDY,FERRE,2200,0,250.0,DaDa6aDa,,,0.04940343333639178,0.009239229327322547,0,0,0,,9.75,0.0,1,0.17427589,0.0,1,0,0
2026-09-28,7,3,CAEN,PRIX DE CERENCES (GR A),08:00,1790582400000,AUTOSTART,2200,9,NALLA DE BEYLEV,F,3,CH. CUILLER,CH. CUILLER,PA,2200,0,990.0,6a5a,,,0.18371593062198635,0.038660954009912867,0,0,0,,5.5,0.0,1,0.22222222,,0,0,0
2026-09-28,7,3,CAEN,PRIX DE CERENCES (GR A),08:00,1790582400000,AUTOSTART,2200,10,NINA DES OUBEAUX,F,3,G. CASTEL,G. CASTEL,PA,2200,0,0.0,Da,,,0.033423938527068466,0.005937418706458634,0,0,0,,11.0,,0,0.14018692,0.0,1,0,0
2026-09-28,7,3,CAEN,PRIX DE CERENCES (GR A),08:00,1790582400000,AUTOSTART,2200,11,NINA DE JANEIRO,F,3,F. BLANDIN,F. BLANDIN,PA,2200,0,0.0,DaDa0a0aDa,,,0.029635905248697674,0.002905592757077906,0,0,0,,10.6,0.0,3,0.14876033,0.0,3,0,2
2026-09-28,7,3,CAEN,PRIX DE CERENCES (GR A),08:00,1790582400000,AUTOSTART,2200,12,NOUMEA ROSA,F,3,S. BAUDE,A. PACARY,FERRE,2200,0,0.0,DaDa,,,0.040417073783950604,0.008498254771153289,0,0,0,,11.0,0.0,2,0.21265379,,0,0,0
2026-09-28,7,3,CAEN,PRIX DE CERENCES (GR A),08:00,1790582400000,AUTOSTART,2200,13,NEWSTAR D'OURVILLE,F,3,B. GROULT,B. GROULT,FERRE,2200,0,0.0,Da9a,,,0.01465476438588574,0.0019892957227467378,0,0,0,,10.0,0.0,1,0.103225805,0.0,1,0,0
2026-09-28,7,3,CAEN,PRIX DE CERENCES (GR A),08:00,1790582400000,AUTOSTART,2200,14,NATALIA ERA,F,3,ADRIEN BLANDIN,F. BLANDIN,FERRE,2200,0,0.0,Da,,,0.02538982283954029,0.0051415213790502725,0,0,0,,11.0,,0,0.18815331,,0,0,0
2026-09-28,7,3,CAEN,PRIX DE CERENCES (GR A),08:00,1790582400000,AUTOSTART,2200,15,NOTRE GUERRIERE,F,3,L.A. MARTIN,L.A. MARTIN,PA,2200,0,120.0,7a8a,,,0.05568522996836702,0.007749777205280097,0,0,0,,7.5,,0,0.18421052,0.0,1,0,0
2026-09-28,7,3,CAEN,PRIX DE CERENCES (GR A),08:00,1790582400000,AUTOSTART,2200,16,NEWSTAR OF LOVE,F,3,Y. LEBOURGEOIS,P.L. DESAUNETTE,FERRE,2200,0,0.0,Da9aDa,,,0.18786358155501706,0.07984119907872864,0,0,0,,10.333333,0.0,2,0.33567825,,0,0,0
2026-09-28,7,3,CAEN,PRIX DE CERENCES (GR A),08:00,1790582400000,AUTOSTART,2200,17,NYMBE DE BEAUFOUR,F,3,E. DE JESUS,G. BEAUFILS,P4,2200,0,0.0,Da,,,0.06156402173492106,0.015390941038480115,0,0,0,,11.0,,0,0.21409921,,0,0,0
2026-09-28,7,3,CAEN,PRIX DE CERENCES (GR A),08:00,1790582400000,AUTOSTART,2200,18,NIKITA DU BOUILLON,F,3,B. HARDY,S. HARDY,FERRE,2200,0,0.0,8mDm,,,0.01465476438588574,0.002548966185329822,0,0,0,,9.5,0.0,1,0.11137725,,0,0,0
2026-09-28,7,4,CAEN,PRIX DE CERENCES (GR B),08:30,1790584200000,AUTOSTART,2200,1,NAHAMA,F,3,A. LHERETE,Antoine LHERETE,FERRE,2200,0,625.0,5a,,,0.2255070196002867,0.06166852486387294,0,0,0,,5.0,,0,0.21040724,,0,0,0
2026-09-28,7,4,CAEN,PRIX DE CERENCES (GR B),08:30,1790584200000,AUTOSTART,2200,2,NICE GIRL D'AMOUR,F,3,CEDRIC TERRY,G. LESSIEU,PA,2200,0,370.0,7a6a,,,0.13453375100102638,0.028480344621272236,0,0,0,,6.5,,0,0.2099359,,0,0,0
2026-09-28,7,4,CAEN,PRIX DE CERENCES (GR B),08:30,1790584200000,AUTOSTART,2200,3,NETFLIX MIJO,F,3,P. HOUEL,G. LIGERON,FERRE,2200,0,175.0,7aDa,,,0.12662356657585636,0.03171728876119712,0,0,0,,9.0,0.0,2,0.20545073,,0,0,0
2026-09-28,7,4,CAEN,PRIX DE CERENCES (GR B),08:30,1790584200000,AUTOSTART,2200,4,NOSTALGIE PIYA,F,3,A. DE VAUGIRAUD,A. DE VAUGIRAUD,FERRE,2200,0,240.0,DaDm6a,,,0.19978845035269566,0.07446487064392397,0,0,0,,9.333333,0.0,1,0.2983725,0.0,1,0,0
2026-09-28,7,4,CAEN,PRIX DE CERENCES (GR B),08:30,1790584200000,AUTOSTART,2200,5,NODIVA DU CHATELET,F,3,E. DE JESUS,V. RENAULT,FERRE,2200,0,960.0,4a9a,,,0.23019561815255504,0.0711095994729602,0,0,0,,6.5,0.0,1,0.21395956,0.0,1,0,0
2026-09-28,7,4,CAEN,PRIX DE CERENCES (GR B),08:30,1790584200000,AUTOSTART,2200,6,NAMINE,F,3,S. LEMETAYER,S. LEMETAYER,FERRE,2200,0,765.0,0a5a7a,,,0.09574451188214651,0.01577587361997818,0,0,0,,7.3333335,0.0,1,0.11494253,0.0,1,0,0
2026-09-28,7,4,CAEN,PRIX DE CERENCES (GR B),08:30,1790584200000,AUTOSTART,2200,7,NUELVA RENODIERE,F,3,Y. LEBOURGEOIS,R. JAJOLET,PA,2200,0,960.0,4a9a,,,0.2355779170554598,0.10703336312685859,0,0,0,,6.5,,0,0.3356269,,0,0,0
2026-09-28,7,4,CAEN,PRIX DE CERENCES (GR B),08:30,1790584200000,AUTOSTART,2200,8,NOOTKA VEDAQUAISE,F,3,N. RAIMBEAUX,N. RAIMBEAUX,FERRE,2200,0,990.0,5a7aDa7a9aDa,,,0.05945175815122274,0.008664600611690396,0,0,0,77000.0,7.8,0.0,2,0.10465116,0.0,2,0,0
2026-09-28,7,4,CAEN,PRIX DE CERENCES (GR B),08:30,1790584200000,AUTOSTART,2200,9,NINA DE L'AUNAY,F,3,A. CHERADAME,L.M. DAVID,FERRE,2200,0,280.0,Da6aDa,,,0.06257882992411434,0.013006500413530306,0,0,0,,9.333333,0.0,1,0.26119402,0.0,1,0,0
2026-09-28,7,4,CAEN,PRIX DE CERENCES (GR B),08:30,1790584200000,AUTOSTART,2200,10,NINA DES CHARRONS,F,3,M. BRAULT,J.ET. LE BEC,FERRE,2200,0,0.0,Da,,,0.020343914055736854,0.0035229131052226877,0,0,0,,11.0,0.0,1,0.12903225,,0,0,0
2026-09-28,7,4,CAEN,PRIX DE CERENCES (GR B),08:30,1790584200000,AUTOSTART,2200,11,NIKITA MESLOISE,F,3,E. CIVE,P. BELLOCHE,FERRE,2200,0,0.0,Dm,,,0.024117881741626216,0.003879539676970772,0,0,0,,11.0,,0,0.10880829,,0,0,0
2026-09-28,7,4,CAEN,PRIX DE CERENCES (GR B),08:30,1790584200000,AUTOSTART,2200,12,NODESSA EMESS,F,3,ADRIEN BLANDIN,R. JAJOLET,FERRE,2200,0,130.0,Da7a,,,0.020216527741237448,0.005937418706458634,0,0,0,,9.0,0.0,1,0.18782608,,0,0,0
2026-09-28,7,4,CAEN,PRIX DE CERENCES (GR B),08:30,1790584200000,AUTOSTART,2200,13,NINON DI VIGNE,F,3,CH. CUILLER,CH. CUILLER,PA,2200,0,0.0,8mDaDa,,,0.030482028863605497,0.00674625758182619,0,0,0,84700.0,10.0,,0,0.22134387,,0,0,1
2026-09-28,7,4,CAEN,PRIX DE CERENCES (GR B),08:30,1790584200000,AUTOSTART,2200,14,NITIDA DE LOU,F,3,D. DELAROCHE,D. DELAROCHE,FERRE,2200,0,120.0,7a0aDa,,,0.021064076497997335,0.002905592757077906,0,0,0,,9.333333,0.0,2,0.13513513,0.0,2,0,0
2026-09-28,7,4,CAEN,PRIX DE CERENCES (GR B),08:30,1790584200000,AUTOSTART,2200,15,NIKITA DELO,F,3,S. HARDY,ST. MEUNIER,P4,2200,0,0.0,DaDmDm,,,0.04471121674461535,0.012488334067057799,0,0,0,,11.0,,0,0.17419039,,0,0,1
2026-09-28,7,4,CAEN,PRIX DE CERENCES (GR B),08:30,1790584200000,AUTOSTART,2200,16,NUIT DU PERCHE,F,3,TH. GOUJON,V. SEGUIN,PA,2200,0,0.0,Ta0a8aDaDa,,,0.05244295013444147,0.009413078177563587,0,0,0,,10.2,0.0,1,0.16455697,,0,0,0
2026-09-28,7,4,CAEN,PRIX DE CERENCES (GR B),08:30,1790584200000,AUTOSTART,2200,17,NATALY'S TOUCH,F,3,F. ANDRIEU,F. ANDRIEU,FERRE,2200,0,0.0,DaDaDa,,,0.011902338229630266,0.002548966185329822,0,0,0,,11.0,0.0,1,0.11666667,,0,0,0
2026-09-28,7,4,CAEN,PRIX DE CERENCES (GR B),08:30,1790584200000,AUTOSTART,2200,18,NEWSTAR DU RIB,F,3,Mme C. HALLAIS-DERSOIR,Mme C. HALLAIS-DERSOIR,FERRE,2200,0,0.0,DaDa,,,0.034894983326207274,0.007749777205280097,0,0,0,,11.0,,0,0.21908127,,0,0,0
2026-09-28,7,5,CAEN,PRIX D'ANNOVILLE (GR A),09:00,1790586000000,AUTOSTART,2200,1,MADE IN CHENEVIERE,F,4,L. GABORIT,L. GABORIT,D4,2200,0,8255.0,3aDa8aDmDmDaDaDa3m6a,,,0.13623752861853017,0.02682758132304393,0,0,0,,8.8,0.0,1,0.12598425,0.0,6,0,1
2026-09-28,7,5,CAEN,PRIX D'ANNOVILLE (GR A),09:00,1790586000000,AUTOSTART,2200,2,MAMZELLE D'EMI,F,4,J. TRAVERS,St. PROVOOST,D4,2200,0,9680.0,3a4aDa6a1a4a6a,,,0.2034174483058351,0.05520197722274115,1,0,0,,5.0,,0,0.13957177,0.0,1,0,0
2026-09-28,7,5,CAEN,PRIX D'ANNOVILLE (GR A),09:00,1790586000000,AUTOSTART,2200,3,MA ROBERTA,F,4,ADRIEN BLANDIN,J. POUTREL,DA,2200,0,7180.0,2m5a7m5m7a9aDm0mDm(25),,,0.11483863534460469,0.01780771048286433,0,0,0,77700.0,5.2,0.0,2,0.1875,,0,0,5
2026-09-28,7,5,CAEN,PRIX D'ANNOVILLE (GR A),09:00,1790586000000,AUTOSTART,2200,4,MUSE D'ECOUVES,F,4,J. VILAULT,J. VILAULT,PA,2200,0,9375.0,DaDa9a7aDaDa4aDa7a9a,,,0.06159245370907158,0.007435548315366557,0,0,0,,9.8,0.0,1,0.048780486,0.125,8,1,2
2026-09-28,7,5,CAEN,PRIX D'ANNOVILLE (GR A),09:00,1790586000000,AUTOSTART,2200,5,MAURICIENNE,F,4,P. HOUEL,G. HOUEL,PA_DP,2200,0,9905.0,5aDa7aDa2aDa2a(25)4a4a,,,0.2234050272069962,0.07454883248747894,0,0,0,,7.2,,0,0.2052356,0.0,1,0,0
2026-09-28,7,5,CAEN,PRIX D'ANNOVILLE (GR A),09:00,1790586000000,AUTOSTART,2200,6,MADONE D'OCCAGNES,F,4,E. DE JESUS,J. VILAULT,DP,2200,0,9145.0,DaDaDa7a(25)4a8a2aDa5a,,,0.1670573118530155,0.044950180777159426,0,0,0,,8.8,0.0,1,0.21382008,0.0,1,0,0
2026-09-28,7,5,CAEN,PRIX D'ANNOVILLE (GR A),09:00,1790586000000,AUTOSTART,2200,7,MISS DE VISAIS,F,4,Mme D. ODIENNE,Mme D. ODIENNE,DP,2200,0,7295.0,6a6a5a7a1a,,,0.1717225164590914,0.05634579515981133,0,1,0,,5.0,,0,0.16901408,0.0,1,0,0
2026-09-28,7,5,CAEN,PRIX D'ANNOVILLE (GR A),09:00,1790586000000,AUTOSTART,2200,8,MISS SEXY,F,4,J.CL. HALLAIS,J.W. HALLAIS,FERRE,2200,0,6540.0,6a8aDa1a,,,0.1070683133206155,0.029650611140216648,0,0,0,,6.5,0.0,2,0.17857143,0.0,2,0,0
2026-09-28,7,5,CAEN,PRIX D'ANNOVILLE (GR A),09:00,1790586000000,AUTOSTART,2200,9,MADONE ROCHEL,F,4,S. HARDY,S. HARDY,D4,2200,0,8805.0,0a5a6m8a4m7m7a8a6a7a,,,0.04608304901610746,0.008969184700479605,0,0,0,,6.6,0.0,4,0.17410496,0.0,7,0,3
2026-09-28,7,5,CAEN,PRIX D'ANNOVILLE (GR A),09:00,1790586000000,AUTOSTART,2200,10,MUSIQUE D'OCCAGNES,F,4,F. CHRISTOPHE,F. CHRISTOPHE,D4,2200,0,120.0,8a7a,,,0.018082796583409423,0.003879539676970772,1,0,0,,7.5,,0,0.05,,0,0,0
2026-09-28,7,5,CAEN,PRIX D'ANNOVILLE (GR A),09:00,1790586000000,AUTOSTART,2200,11,MISS VASTERIE,F,4,X. LIGNEL,X. LIGNEL,DP,2200,0,2670.0,DaDa5aDa0a6a5a5a(25)Da,,,0.02300091816069243,0.001438331535418914,0,0,0,,9.6,0.0,1,0.054054055,0.0,4,0,0
2026-09-28,7,5,CAEN,PRIX D'ANNOVILLE (GR A),09:00,1790586000000,AUTOSTART,2200,12,MAGIE DE LA SOURCE,F,4,P.CH. JEAN,St. PROVOOST,D4,2200,0,0.0,,,,0.12105001807301635,0.027759127655490153,1,0,0,,,,0,0.16292135,,0,0,0
2026-09-28,7,5,CAEN,PRIX D'ANNOVILLE (GR A),09:00,1790586000000,AUTOSTART,2200,13,MILADY DE RICO,F,4,O. LIENART,O. LIENART,DP,2200,0,0.0,0aDa,,,0.008726306056403144,0.0,0,0,0,,10.5,0.0,1,0.0,0.0,1,0,0
2026-09-28,7,5,CAEN,PRIX D'ANNOVILLE (GR A),09:00,1790586000000,AUTOSTART,2200,14,MADNESS BUROISE,F,4,P. DESSARTRE,P. DESSARTRE,D4,2200,0,960.0,4aDaDaDa8a,,,0.03958379823364964,0.007749777205280097,0,0,0,,9.0,0.0,1,0.13157895,0.0,1,0,0
2026-09-28,7,5,CAEN,PRIX D'ANNOVILLE (GR A),09:00,1790586000000,AUTOSTART,2200,15,MALTA D'ADELE,F,4,T. THIEULENT,L. THIEULENT,FERRE,2200,0,1600.0,8aDa5a8a4a,,,0.01529315777798671,0.0023459222944948216,0,0,0,,7.2,,0,0.08139535,,0,0,0
2026-09-28,7,5,CAEN,PRIX D'ANNOVILLE (GR A),09:00,1790586000000,AUTOSTART,2200,16,MAMA DE JOUETTE,F,4,M. LEBREC,M. LEBREC,FERRE,2200,0,0.0,Da,,,0.011605971436068523,0.002905592757077906,0,0,0,,11.0,,0,0.17261904,,0,0,0
2026-09-28,7,5,CAEN,PRIX D'ANNOVILLE (GR A),09:00,1790586000000,AUTOSTART,2200,17,MYSTIC QUEEN,F,4,G. MARCQUE,Mlle ST. LEPETIT,DP,2200,0,3500.0,Da2a,,,0.06710979103855627,0.016673452666813266,0,0,0,,6.5,0.0,2,0.13333334,0.0,2,0,0
2026-09-28,7,5,CAEN,PRIX D'ANNOVILLE (GR A),09:00,1790586000000,AUTOSTART,2200,18,MELODIE DE VER,F,4,S. BAUDE,M. LEBREC,PA_DP,2200,0,375.0,Da7a(25)Da6a0a,,,0.04374441342343149,0.014853833178487938,0,0,0,,9.0,,0,0.21252927,,0,0,1
2026-09-28,7,6,CAEN,PRIX D'ANNOVILLE (GR B),09:30,1790587800000,AUTOSTART,2200,1,MILADY D'AMBLIE,F,4,H. LECOT,H. LECOT,DP,2200,0,9400.0,2a4a3aDa3a4a(25)DaDaDa,,,0.16498402219734856,0.03508298107273878,0,0,0,,4.6,0.0,1,0.13084112,0.0,3,0,2
2026-09-28,7,6,CAEN,PRIX D'ANNOVILLE (GR B),09:30,1790587800000,AUTOSTART,2200,2,MIDNIGHT ATALANTE,F,4,S. ROGER,S. ROGER,D4,2200,0,7250.0,Dm2m2m6a8mDa(25)DaDaDa,,,0.15334657122419312,0.0491180753188967,0,0,0,,5.8,0.0,2,0.1641791,0.0,2,0,1
2026-09-28,7,6,CAEN,PRIX D'ANNOVILLE (GR B),09:30,1790587800000,AUTOSTART,2200,3,MASINA D'OSCAR,F,4,E. DE JESUS,P.L. DESAUNETTE,D4,2200,0,9950.0,Da6a5a1aDaDa6a3aDaDa,,,0.1863960526518602,0.054696202974786036,0,0,0,,6.8,0.0,1,0.21368079,,0,0,2
2026-09-28,7,6,CAEN,PRIX D'ANNOVILLE (GR B),09:30,1790587800000,AUTOSTART,2200,4,MIRALLA MATCH,F,4,J. TRAVERS,P.CH. JEAN,PA_DP,2200,0,9800.0,3a3m6a4mDaDaDaDa8a(25),,,0.11217489824559923,0.01666457754418413,0,0,0,,5.4,0.0,1,0.13946117,0.0,2,0,0
2026-09-28,7,6,CAEN,PRIX D'ANNOVILLE (GR B),09:30,1790587800000,AUTOSTART,2200,5,MUMBAY,F,4,CEDRIC TERRY,F. TERRY,D4,2200,0,8935.0,1a5a9a8a5a(25)6a4a,,,0.2702459742515156,0.1087073863659158,1,0,0,76600.0,5.6,,0,0.20985182,,0,0,0
2026-09-28,7,6,CAEN,PRIX D'ANNOVILLE (GR B),09:30,1790587800000,AUTOSTART,2200,6,MARJO,F,4,S. BAUDE,F. TERRY,D4,2200,0,9300.0,Da5a9a3aDa3a(25)4a0a8a,,,0.1717225164590914,0.047440016552078884,1,0,0,76900.0,7.8,,0,0.21240492,,0,0,0
2026-09-28,7,6,CAEN,PRIX D'ANNOVILLE (GR B),09:30,1790587800000,AUTOSTART,2200,7,MISS CLEVILLE,F,4,Y. LEBOURGEOIS,V. VIEL,DP,2200,0,7125.0,6aDa(25)Da1aDaDa(24)7a,,,0.2897027719476592,0.16045970102549592,0,0,0,,8.0,0.0,1,0.3355756,1.0,1,0,0
2026-09-28,7,6,CAEN,PRIX D'ANNOVILLE (GR B),09:30,1790587800000,AUTOSTART,2200,8,METISSE DES LANDES,F,4,B. HARDY,S. HARDY,D4,2200,0,8260.0,8a7a6a9a6aDa7a5a4aDa,,,0.04699658760222414,0.007661080988236489,0,0,0,,7.2,0.0,4,0.11124402,0.0,1,0,0
2026-09-28,7,6,CAEN,PRIX D'ANNOVILLE (GR B),09:30,1790587800000,AUTOSTART,2200,9,MONICA DE LOU,F,4,D. DELAROCHE,D. DELAROCHE,FERRE,2200,0,7645.0,DaDaDaDm1aDa3aDaDa7a,,,0.051386318889432146,0.00674625758182619,0,0,0,,9.0,0.2,5,0.13483146,0.2,5,0,0
2026-09-28,7,6,CAEN,PRIX D'ANNOVILLE (GR B),09:30,1790587800000,AUTOSTART,2200,10,MARALIA,F,4,Mlle E. BIZOUX,V. VIEL,FERRE,2200,0,0.0,DaDa8a,,,0.011605971436068523,0.0019892957227467378,0,0,0,,10.0,,0,0.10625,,0,0,0
2026-09-28,7,6,CAEN,PRIX D'ANNOVILLE (GR B),09:30,1790587800000,AUTOSTART,2200,11,MADESKA,F,4,D. HEON,O. LECHARPENTIER,D4,2200,0,0.0,Da8a(25)8a9a8a,,,0.016409258606133386,0.006538274936172067,0,0,0,,8.8,0.0,1,0.15473442,,0,0,0
2026-09-28,7,6,CAEN,PRIX D'ANNOVILLE (GR B),09:30,1790587800000,AUTOSTART,2200,12,MANYSYVA,F,4,V. VIEL,V. VIEL,DP,2200,0,2355.0,Da5a3a(25)0a,,,0.031029324544319687,0.004995416682527493,0,1,0,,7.25,,0,0.08695652,0.0,1,0,0
2026-09-28,7,6,CAEN,PRIX D'ANNOVILLE (GR B),09:30,1790587800000,AUTOSTART,2200,13,MUSE DE FACQUE,F,4,CH. DAGNICOURT,CH. DAGNICOURT,FERRE,2200,0,1375.0,5a5a,,,0.030482028863605497,0.0029275389659468957,0,0,0,78200.0,5.0,0.0,1,0.12280702,0.0,1,0,0
2026-09-28,7,6,CAEN,PRIX D'ANNOVILLE (GR B),09:30,1790587800000,AUTOSTART,2200,14,MYA DE VANDEL,F,4,A. LHERETE,Antoine LHERETE,DP,2200,0,120.0,(25)7a,,,0.07041052275660668,0.012968767018028274,0,1,0,,7.0,,0,0.20993228,,0,0,0
2026-09-28,7,6,CAEN,PRIX D'ANNOVILLE (GR B),09:30,1790587800000,AUTOSTART,2200,15,MISS CASTEL,F,4,FLORENT PELTIER,E. PELTIER,DP,2200,0,625.0,Da5a,,,0.02066005270507288,0.004123769334936121,0,1,0,,8.0,,0,0.09803922,0.0,1,0,0
2026-09-28,7,6,CAEN,PRIX D'ANNOVILLE (GR B),09:30,1790587800000,AUTOSTART,2200,16,MARIE GALANTE,F,4,B. DE FOLLEVILLE,B. DE FOLLEVILLE,DP,2200,0,6075.0,Da1a,,,0.1847365576907781,0.07591575428217177,0,1,0,,6.0,,0,0.2535211,,0,0,0
2026-09-28,7,6,CAEN,PRIX D'ANNOVILLE (GR B),09:30,1790587800000,AUTOSTART,2200,17,MORONI,F,4,J.W. HALLAIS,J.W. HALLAIS,FERRE,2200,0,0.0,DaDaDaDa,,,0.02332519397032477,0.008664600611690396,0,0,0,,11.0,,0,0.26408452,0.0,1,0,0
2026-09-28,7,6,CAEN,PRIX D'ANNOVILLE (GR B),09:30,1790587800000,AUTOSTART,2200,18,MAGIE DES LANDES,F,4,S. HARDY,S. HARDY,FERRE,2200,0,2930.0,9aDa6a8aDaDaDa(25)5aDa,,,0.015601629618465257,0.0029275389659468957,0,0,0,,9.0,0.0,4,0.1740196,0.0,2,0,0
2026-09-28,7,7,CAEN,PRIX DE CHAHAINS (GR A),10:00,1790589600000,AUTOSTART,2200,1,MORNING D'OR,H,4,B. GROULT,B. GROULT,PA_DP,2200,0,8985.0,6a8a8a0a6aDa9a5a(25)3a,,,0.141676450278613,0.031737862737093864,0,0,0,,7.6,,0,0.102564104,0.0,3,0,0
2026-09-28,7,7,CAEN,PRIX DE CHAHAINS (GR A),10:00,1790589600000,AUTOSTART,2200,2,MONDER DU CAPRE,H,4,L. ZOLLO,Lorenzo ZOLLO,FERRE,2200,0,9830.0,0a0a(25)0aDa1a2a6a0a,,,0.07707099001793981,0.009446851623368092,0,0,0,78300.0,8.4,0.0,3,0.16666667,,0,0,0
2026-09-28,7,7,CAEN,PRIX DE CHAHAINS (GR A),10:00,1790589600000,AUTOSTART,2200,3,MANELITO DE BUSSET,H,4,G. GERVAIS,Nicolas DEVIGNE,D4,2200,0,6975.0,1aDa5a6m7m6m6m8a,,,0.21103178099478279,0.06268846654398096,1,0,0,,6.0,,0,0.14,,0,0,0
2026-09-28,7,7,CAEN,PRIX DE CHAHAINS (GR A),10:00,1790589600000,AUTOSTART,2200,4,MACHIARD AIMEF,M,4,N. RAIMBEAUX,N. RAIMBEAUX,FERRE,2200,0,6690.0,Da(25)Dm3mDmDmDa2m,,,0.10543818476366469,0.04105601291041245,0,0,0,,9.4,0.33333334,6,0.104347825,0.0,1,0,0
2026-09-28,7,7,CAEN,PRIX DE CHAHAINS (GR A),10:00,1790589600000,AUTOSTART,2200,5,MEMPHIS PAULCA,M,4,S. HARDY,S. HARDY,FERRE,2200,0,8705.0,4a0a6a3a4a4a0a3a4a6a,,,0.11300682351149567,0.026995012088373103,0,0,0,,5.4,0.0,3,0.17393434,0.0,3,0,1
2026-09-28,7,7,CAEN,PRIX DE CHAHAINS (GR A),10:00,1790589600000,AUTOSTART,2200,6,MOZART D'ELORAC,H,4,ADRIEN BLANDIN,Adrien BLANDIN,PA_DP,2200,0,7450.0,DaDaDa8aAa9a9aDa(25)Da,,,0.08348915856040999,0.026995012088373103,0,0,0,,10.4,,0,0.18717505,,0,0,0
2026-09-28,7,7,CAEN,PRIX DE CHAHAINS (GR A),10:00,1790589600000,AUTOSTART,2200,7,MOJITO DE VAUVILLE,H,4,S. BAUDE,R. SEVESTRE,FERRE,2200,0,8475.0,Da1a5aDaDa5a5a7a(25)8a,,,0.0745577518170782,0.017120369865270265,0,0,0,,7.8,0.0,5,0.2122807,,0,0,2
2026-09-28,7,7,CAEN,PRIX DE CHAHAINS (GR A),10:00,1790589600000,AUTOSTART,2200,8,MAUI,H,4,C. MEGISSIER,C. MEGISSIER,D4,2200,0,8920.0,2aDa4a6a9a2a0aDa3a,,,0.21075402111922747,0.06926264204809567,0,0,0,,6.4,0.0,1,0.22727273,0.0,1,0,0
2026-09-28,7,7,CAEN,PRIX DE CHAHAINS (GR A),10:00,1790589600000,AUTOSTART,2200,9,MOON WALKER,M,4,S. DIEUDONNE,S. DIEUDONNE,DP,2200,0,5890.0,AaDaDaDa7a(25)6aDaDaDa,,,0.08238944464957054,0.019074143918036263,0,0,0,,10.2,0.0,4,0.20887728,0.0,1,1,2
2026-09-28,7,7,CAEN,PRIX DE CHAHAINS (GR A),10:00,1790589600000,AUTOSTART,2200,10,MARKOY,M,4,Y. LEBOURGEOIS,V. VIEL,DA,2200,0,3000.0,2a8aDa,,,0.14782520453781264,0.08168030319768178,0,0,0,,7.0,,0,0.3355243,,0,0,0
2026-09-28,7,7,CAEN,PRIX DE CHAHAINS (GR A),10:00,1790589600000,AUTOSTART,2200,11,MATICAT,H,4,E. DE JESUS,P.F. DE GRAVE,FERRE,2200,0,1470.0,Da4aDaDaDaDa6aDaDa,,,0.049516263297470185,0.010991226516649645,0,0,0,,9.6,0.0,3,0.21354167,,0,0,0
2026-09-28,7,7,CAEN,PRIX DE CHAHAINS (GR A),10:00,1790589600000,AUTOSTART,2200,12,MOZART DE CHANJAC,H,4,C. ENAULT,Charly FOURE,DP,2200,0,270.0,Da6aDaDaDaDm8aDaDa(25),,,0.020343914055736854,0.005295333430482488,0,0,0,,10.0,0.0,1,0.23278688,0.0,3,0,1
2026-09-28,7,7,CAEN,PRIX DE CHAHAINS (GR A),10:00,1790589600000,AUTOSTART,2200,13,MELCHIOR PHIL,H,4,JEROME DAVID,JEROME DAVID,D4,2200,0,200.0,9a7m0a9a,,,0.022136485302745406,0.005804255557895048,1,0,0,,8.75,,0,0.06101695,0.0,1,0,0
2026-09-28,7,7,CAEN,PRIX DE CHAHAINS (GR A),10:00,1790589600000,AUTOSTART,2200,14,MONEY AND GO,H,4,Y. SALIOT,Y. SALIOT,D4,2200,0,4840.0,Da3a7a5a4aDa6a(25)0aDa,,,0.14217386397945778,0.029125922121139552,1,0,0,,6.0,,0,0.16289593,,0,0,0
2026-09-28,7,7,CAEN,PRIX DE CHAHAINS (GR A),10:00,1790589600000,AUTOSTART,2200,15,MICH DE VILLODON,H,4,S. OLIVIER,Mme D. ODIENNE,FERRE,2200,0,0.0,Da(25)9a,,,0.017513505479920952,0.002963242642639604,0,0,0,,10.0,0.0,2,0.15384616,0.0,1,0,0
2026-09-28,7,7,CAEN,PRIX DE CHAHAINS (GR A),10:00,1790589600000,AUTOSTART,2200,16,MONTSERRAT,H,4,B. DE FOLLEVILLE,B. DE FOLLEVILLE,D4,2200,0,140.0,Da7a,,,0.0593580132409681,0.014853833178487938,0,0,0,,9.0,0.0,1,0.25,0.0,2,0,0
2026-09-28,7,7,CAEN,PRIX DE CHAHAINS (GR A),10:00,1790589600000,AUTOSTART,2200,17,MIROIR D'ERPION,H,4,F. BLANDIN,F. BLANDIN,D4,2200,0,1890.0,DaDa(25)Da3a8aDa,,,0.051309659600803574,0.013395720668137037,1,0,0,,8.8,,0,0.1485849,,0,0,0
2026-09-28,7,8,CAEN,PRIX DE CHAHAINS (GR B),10:30,1790591400000,AUTOSTART,2200,1,MADISON PLANCHETTE,H,4,P. HOUEL,X. REVEILLON,D4,2200,0,8950.0,6aAm6a6a0a3a7a3a3a0a,,,0.15425130296279008,0.034253628273747554,0,0,0,,7.8,0.0,2,0.20502092,,0,0,0
2026-09-28,7,8,CAEN,PRIX DE CHAHAINS (GR B),10:30,1790591400000,AUTOSTART,2200,2,MAESTRO DU GUIBEL,H,4,CEDRIC TERRY,F. HEON,DP,2200,0,8815.0,6a9a0a5a8a2a7aDa5a4a,,,0.14439847189799648,0.04968389186602179,0,0,0,,7.6,0.0,3,0.20976782,,0,0,3
2026-09-28,7,8,CAEN,PRIX DE CHAHAINS (GR B),10:30,1790591400000,AUTOSTART,2200,3,MISTER JALLERIE,H,4,D. HEON,D. HEON,FERRE,2200,0,4940.0,3a6a7aDa8a6a5a6a3a,,,0.15644110517608337,0.05326620331576565,0,0,0,,7.0,,0,0.15437788,,0,0,0
2026-09-28,7,8,CAEN,PRIX DE CHAHAINS (GR B),10:30,1790591400000,AUTOSTART,2200,4,MATCHO DES MOLANDS,H,4,LOIC GROUSSARD,LOIC GROUSSARD,D4,2200,0,9800.0,Da1aDaDa7a4aDaDa4aDa,,,0.18286641667888917,0.0710746785858538,1,0,0,,8.2,,0,0.14393939,,0,0,0
2026-09-28,7,8,CAEN,PRIX DE CHAHAINS (GR B),10:30,1790591400000,AUTOSTART,2200,5,MAECO DELADOU,H,4,E. LETOUZE,E. LETOUZE,FERRE,2200,0,8585.0,8m0a0mDmDmDm2m(25)Dm6m,,,0.11794350633397677,0.044992766119559324,0,0,0,,10.0,0.25,8,0.18245614,0.0,1,0,1
2026-09-28,7,8,CAEN,PRIX DE CHAHAINS (GR B),10:30,1790591400000,AUTOSTART,2200,6,MISTRAL D'ERI,H,4,Y. LEBOURGEOIS,F. RETAUX,D4,2200,0,6720.0,Da7mDaDaDaDaDa3aDa(25),,,0.25904573058560204,0.1486390089613187,0,0,0,,10.2,0.0,3,0.33547303,,0,0,1
2026-09-28,7,8,CAEN,PRIX DE CHAHAINS (GR B),10:30,1790591400000,AUTOSTART,2200,7,MILIK,H,4,C. MEGISSIER,C. MEGISSIER,D4,2200,0,7205.0,3a6a4aDaDa9aDa9aDaDa,,,0.1717225164590914,0.0517375406294702,0,0,0,,7.0,0.0,3,0.22686026,0.14285715,7,0,2
2026-09-28,7,8,CAEN,PRIX DE CHAHAINS (GR B),10:30,1790591400000,AUTOSTART,2200,8,MARIUS DE DUSSAC,M,4,C. PARYS,Cédric PARYS,FERRE,2200,0,7890.0,5a5aDa8a6a5a2a(25)Da4a,,,0.1565761617421749,0.0711095994729602,0,0,0,,7.0,0.0,9,0.24846625,0.0,5,0,0
2026-09-28,7,8,CAEN,PRIX DE CHAHAINS (GR B),10:30,1790591400000,AUTOSTART,2200,9,MISTRAL DES LANDES,H,4,S. HARDY,S. HARDY,D4,2200,0,6170.0,7a0aDaDm5a6a3a0a6a7a,,,0.12068959413608667,0.026995012088373103,1,0,0,,8.8,,0,0.17384917,,0,0,0
2026-09-28,7,8,CAEN,PRIX DE CHAHAINS (GR B),10:30,1790591400000,AUTOSTART,2200,10,MANHATTAN SQUARE,M,4,B. BLACHET,B. BLACHET,FERRE,2200,0,175.0,(25)7aDa,,,0.016613781597418314,0.002548966185329822,0,0,0,80200.0,9.0,0.0,2,0.12690355,,0,0,0
2026-09-28,7,8,CAEN,PRIX DE CHAHAINS (GR B),10:30,1790591400000,AUTOSTART,2200,11,MIKE DE NORTHEN,M,4,D. PUNIERE,D. PUNIERE,DA,2200,0,4620.0,7a0a2a9a7a7a8a0a9aDa,,,0.022128465356945137,0.004995416682527493,0,0,0,,7.0,0.0,1,0.031746034,0.0,5,0,1
2026-09-28,7,8,CAEN,PRIX DE CHAHAINS (GR B),10:30,1790591400000,AUTOSTART,2200,12,MONSIEUR MANNETOT,H,4,P. OLLITRAULT,J.P. ANDRIEU,FERRE,2200,0,0.0,DaDaDa,,,0.01085200318210027,0.002548966185329822,0,0,0,,11.0,,0,0.13414635,,0,0,0
2026-09-28,7,8,CAEN,PRIX DE CHAHAINS (GR B),10:30,1790591400000,AUTOSTART,2200,13,MAIN EVENT,M,4,Mlle M. DE MEYER,F. DE MEYER,FERRE,2200,0,1825.0,Da5a4a,,,0.04346418651228728,0.009727262723438634,0,0,0,,6.6666665,0.0,2,0.11162791,0.0,2,0,0
2026-09-28,7,8,CAEN,PRIX DE CHAHAINS (GR B),10:30,1790591400000,AUTOSTART,2200,14,MONKADOR JASMA,H,4,Y. DOUSSET,Y. DOUSSET,FERRE,2200,0,2320.0,6m6a9a6a4a,,,0.03987218797479605,0.0051415213790502725,0,0,0,,6.2,0.0,5,0.15384616,0.0,3,0,0
2026-09-28,7,8,CAEN,PRIX DE CHAHAINS (GR B),10:30,1790591400000,AUTOSTART,2200,15,MA BRO,M,4,ADRIEN BLANDIN,Mlle CH. LE COZ,FERRE,2200,0,270.0,0a6a(25)9aDaDa,,,0.016613781597418314,0.0033198692143876873,0,0,0,80400.0,9.4,0.0,2,0.18685122,,0,0,1
2026-09-28,7,8,CAEN,PRIX DE CHAHAINS (GR B),10:30,1790591400000,AUTOSTART,2200,16,MON ILOT,H,4,V. VIEL,V. VIEL,DP,2200,0,400.0,6mDmDm,,,0.017047651998234353,0.0032841655376949796,0,0,0,,9.333333,0.0,1,0.08658009,,0,0,0
